CodEqu,Descri,CosDia
EQU538,PROBADOR DE CORRIENTE,190.98507692307695
EQU021,"BARRA METALICA DE LARGO= 1,47 m PARA HACER HOYOS",867.4444615384615
EQU395,MANDARRIA DE MANGO LARGO DE 6 Kgf MARCA BELLOTA,568.2512307692308
EQU625,"TENAZA CRESCENT DE 8""",179.7356923076923
EQU002,"ALICATE CRESCENT 8""",156.99815384615383
EQU112,"CINTA METRICA DE FIBRA DE LARGO= 50 m, MARCA STANLEY",1294.8998461538463
EQU123,"CIZALLA TIPO TIJERA (MANUAL) 24"" RIDGID",470.0132307692308
EQU474,"NIVEL DE 3 BURBUJAS DE LARGO= 14"", MARCA STANLEY",226.89323076923077
EQU480,PALA REDONDA,353.76953846153845
EQU494,PICO PUNTA Y PALA BELLOTA,282.266
EQU010,"ANDAMIO TUBULAR 2,00 x 1,20 x 1,80 m",1043.7975384615384
EQU090,CARRETILLA DE RUEDAS NEUMATICAS DE CAPACIDAD= 55 l,927.8046153846154
EQU111,"CINTA METRICA DE ACERO DE 5 m, MARCA STANLEY",97.99615384615385
EQU180,"CUCHARA DE 6"" MARCA BELLOTA",126.38323076923076
EQU497,PIQUETA PUNTA Y PALA BELLOTA No 5933-A,249.3413846153846
EQU531,PLOMADA JOROPO 300 GR.,102.20692307692308
EQU638,"TOBO DE GOMA DE CAPACIDAD=10 l, PARA ALBAÑIL",103.03046153846154
EQU166,"CORTADORA D/HIERRO 1-3/8"" (DISCO 12"" 4,8HP) MARCA RYOBI",4767.782461538462
EQU598,SOLDADORA MARCA LINCOLN DE CORRIENTE-ALTERNA= 225 A,4816.076923076923
EQU178,"CORTADORA DE TUBOS MANUAL DE 1/8""-1""",160.5196923076923
EQU211,"DOBLADORA DE TUBO EMT HASTA 3/4"" /B-1678 (RIDGID)",317.1930769230769
EQU389,LLAVE DE TUBO # 14 RIDGID,242.39646153846155
EQU577,SEGUETA AJUSTABLE,223.51184615384616
EQU113,"CINTA METRICA T/TOPOGRAFO DE LARGO= 50 m, MARCA STANLEY",264.40276923076925
EQU629,"TERRAJA MANUAL RIGID 1/2-1""",1009.8496923076923
EQU036,"BROCHA PROFESIONAL RUBI MARCA CERDEX 3""",21.77169230769231
EQU287,ESCUADRA METALICA DE ALUMINIO DE 60x40 cm,187.706
EQU406,MARTILLO DE GOMA 20 OZ,93.21184615384617
EQU343,"HACHA DE PESO= 3,5 Lb",631.6526153846154
EQU394,"MACHETE ROZADOR DE 22"" MARCA BELLOTA",60.97861538461539
EQU579,"SERRUCHO 26""",397.85138461538463
EQU587,"SIERRA CIRCULAR ELECTRICA DE 2-1/8 HP, 7-1/4"", BOSCH",5947.666461538462
EQU647,TRACTOR DE ORUGAS CAT D8R SIN RIPPER 460 HP,16177992.776307693
EQU186,"DESMALEZADORA DE POTENCIA= 3,5 HP",102.58815384615384
EQU393,"MACHETE LINIERO DE 22"" MARCA BELLOTA",78.20369230769231
EQU468,MOTOSIERRA GRANDE,131.89876923076923
EQU078,"CARGADOR DE CADENA CAT 953C CON RIPPER 1,75 M3",2585912.1095384615
EQU149,COMPRESOR CON 2 MARTILLOS 135 p3,466.9866153846154
EQU234,EQUIPO DE OXICORTE HARRIS MASTER II C/ACCESORIOS,4649.663076923077
EQU291,"ESMERIL PORTATIL 7"" BOSCH 8500rpm 2300W MOD.1753",22298.791692307692
EQU584,SEÑORITA DE RATCHET DE 1 1/2 TON ELEPHANT,80560.78246153846
EQU398,"MANDARRIA MANGO LARGO DE 5 Kg, MARCA BELLOTA",448.5870769230769
EQU148,COMPRESOR CON 1 MARTILLO 135 p3,425.4556923076923
EQU451,MINICARGADOR CAT 226B (MINISHOVEL),319154.9316923077
EQU079,"CARGADOR DE CADENA CAT 963C CON RIPPER 2,50 M3",2586471.7947692308
EQU335,GRUA HIDRAULICA 4TON-M,172676.68015384616
EQU365,"JUEGO DE LLAVES COMBINADAS DE HASTA 1-1/2""",363.78846153846155
EQU611,TALADRO INDUSTRIAL DE POTENCIA= 3/4 HP,19756.648769230767
EQU051,CAMION CISTERNA CAP= 10 M3 - PARA AGUA,987740.0615384616
EQU082,"CARGADOR DE RUEDAS CAT 928G 1,9 M3",1352767.697230769
EQU646,TRACTOR DE ORUGAS CAT D8R CON RIPPER 460 HP,9319047.857692307
EQU643,TRACTOR CAT D9T CON RIPPER,7525325.241538461
EQU131,COMPACTADORA CAT CS-323C DE SUELOS,916278.7715384616
EQU465,MOTONIVELADORA CAT 120H CON RIPPER,2476535.6343076923
EQU401,"MANGUERA PLASTICA DE D= 1/2"" Y L=100 m (TIPO CULEBRA)",727.7555384615384
EQU561,RETROEXCAVADORA CAT 420D 4X4,900760.9533846154
EQU092,CARRETON BUGGI 150 L RUEDAS DE GOMA,6635.252307692308
EQU099,"CEPILLO DE CARPINTERO STANLEY 15""",513.1915384615385
EQU414,MARTILLO PARA CARPINTERO,324.2076923076923
EQU588,"SIERRA DE MESA P/MADERA,DISCO 35 cm 8.5 HP(GASOLINA)",65046.07476923078
EQU024,"BOMBA D/ACHIQUE D/3-5HP, DIAMET SUCCION=2""xDESCARGA=2""",73.27723076923077
EQU399,"MANGUERA D/CAUCHO DIAM=2"", L=15,24 m, P/CAMION CISTERNA",957.1906153846154
EQU139,COMPACTADORA DE PLANCHA 0.40x0.40 (GASOLINA),179.836
EQU498,PISON,3242.499230769231
EQU100,"CEPILLO DE GOMA PARA FRISAR DE 6""",55.298
EQU396,MANDARRIA DE PESO= 10 Kgf,860.5561538461538
EQU449,"MEZCLADORA TIPO TROMPO CAP=0,33 m3, 8,2HP-MOTOR DIESEL",73267.85061538461
EQU660,"VIBRADOR CABEZAL D=48 mm,AVNU-48 ELECTRICO,L=4M",7149.185230769231
EQU064,CAMION PERFORADOR CALDWELL,1855808.857076923
EQU066,"CAMION PLATAFORMA CAP=3.5 TON, VOL=8 M3 CON BARANDA",382095.3083076923
EQU065,"CAMION PLATAFORMA CAP=10 TON, VOL=20 M3",459708.2992307692
EQU273,EQUIPO PARA PREPARAR BENTONITA,349352.4826153846
EQU479,PALA RECTANGULAR (M/METAL NEGRO) BELLOTA,144.532
EQU663,VIBRADOR GASOLINA 5 HP L.MANGUERA=5 Mts CABEZAL 37mm,13118.56
EQU284,ESCALERA TIPO TIJERA DE ALUMINIO D/12 TRAMOS,1943.5652307692308
EQU232,EQUIPO DE OXIACETILENO C/ACCESORIOS,76.20800000000001
EQU446,"MEZCLADORA D/CONCRETO CAP=0,75 m3, 24HP, MOTOR DIESEL",574502.8386153845
EQU161,CORBATA P/ENCOFRADO DE COLUMNA JUEGO=4 UND L=0.90 Mt,228.67369230769233
EQU492,PERRO PARA ENCOFRADO (IMPORTADO),34.95015384615385
EQU145,COMPRESOR 250 CFM MATTEI (GASOIL) (USADO),587698.9649230769
EQU322,FORMALETA P/LOSA RETIC. DE FIBRON D=75x75 h=30cms,192.30769230769232
EQU169,"CORTADORA DE CABILLA HASTA 1.3/8"" AUTOMATICA",23372.908
EQU204,"DOBLADORA DE CABILLA HASTA 1-3/8""",42437.99030769231
EQU214,ELEVADOR DE CABALLETE CAP= 1 TON,8805.131384615384
EQU546,"QUEMADOR A GAS C/SOPLETE, MANGUERA 3 Mts (PLOM.)CALASOL",461.9895384615385
EQU146,COMPRESOR 3.0 HP COMAIR 287 LTS.,7562.096615384616
EQU405,MARTILLO BELLOTA DE 710 gr,168.96307692307693
EQU572,ROLLO DE GUARAL,522.3918461538461
EQU608,"TALADRO ELECT-MANDRIL 3/8"" BOSCH 1800rpm 450w PERCUTOR",2488.1323076923077
EQU182,CUCHILLA CARTONERA,107.90707692307693
EQU363,JUEGO DE ATORNILLADORES 15 PZAS STANLEY,331.30446153846157
EQU503,"PISTOLA DE FIJACIONES PARA TECHO, MARCA JAMERGO",2420.9441538461538
EQU576,SALPICADORA RIGO GALVANIZADA,285.5273846153846
EQU171,CORTADORA DE CERAMICA HASTA 60 RUBI Y ESTUCHE,1708.338
EQU035,"BROCHA PROFESIONAL RUBI MARCA CERDEX 2""",13.641384615384617
EQU296,"ESPATULA DE 4""",42.19307692307692
EQU300,ESPATULA PARA ESQUINAS,64.83092307692309
EQU008,ANDAMIO COLGANTE ALBA CON 5O MTS DE GUAYA,8175.728615384615
EQU327,FRESADORA TIPO UNIVERSAL C/ACCESORIOS,83173.10261538462
EQU404,MAQUINA P/ PULIR Y EMPLOMAR PISO 5HP 220V 1F ELECTRICA,88886.39507692307
EQU569,RODILLO PARA EXTENDER GRANITO GRANDE,7832.509538461539
EQU355,HIDROLIMPIADORA 1500psi 110V,389.77646153846155
EQU403,"MAQUINA FLEXIBLE P/PULIR Y EMPLOMAR 1 HP, 9 PIES ELECT",35885.765076923075
EQU285,ESCALERA TIPO TIJERA DE ALUMINIO DE 7 TRAMOS,1261.1653846153847
EQU018,"BANDEJA METALICA PARA RODILLO DE 9"", MARCA CERDEX",95.49446153846155
EQU037,"BROCHA PROFESIONAL RUBI MARCA CERDEX 4""",26.976
EQU570,"RODILLO PARA PINTURA DE CAUCHO 9""x24mm, MARCA CERDEX",23.273692307692308
EQU097,CEPILLO CARRETERO Nro.14 P/BARRER MEDIANO,63.542923076923074
EQU347,"HARAGAN PARA PISO DE 18"" (IMPERMEABILIZAR)",171.06707692307694
EQU033,BOMBONA DE GAS DE 18 KG. (CONSUMIBLE),444.66184615384617
EQU545,"QUEMADOR A GAS (SOPLETE), MANGUERA 10 Mts Y REGULADOR",724.3816923076922
EQU366,"JUEGO DE LLAVES DE 1/16"" HASTA 1/4"", MARCA ALLEN",133.4566153846154
EQU253,EQUIPO PARA ALBAÑILERIA TIPO 1,2843.8116923076923
EQU282,ESCALERA EXTENSIBLE ALUMINIO 20 TRAMOS,2035.9396923076922
EQU315,"EXTENSION DE ALUMINIO P/RODILLO D/1,5-3 m, MARCA CERDEX",119.38923076923078
EQU373,"KIT DE PINTURA (BANDEJA PLASTICA, RODILLO (9"") Y FUNDA)",70.90230769230769
EQU586,"SIERRA CIRCULAR ELECT DE POTENCIA= 2-1/8HP Y D= 7-1/4""",7172.324615384615
EQU163,CORTADOR DE VIDRIOS SILVERIN No 100,433.8347692307692
EQU152,"COMPRESOR DE POTENCIA= 1,5 HP CON ACCESORIOS P/PINTURA",76.20800000000001
EQU508,"PISTOLA PROFESIONAL PARA PINTAR, MARCA DEFINYK",1880.0904615384616
EQU034,"BROCHA PROFESIONAL RUBI MARCA CERDEX 1""",9.258
EQU207,"DOBLADORA DE TUBO CONDUIT HASTA 1/2"" /B-1709",254.06615384615384
EQU624,"TARRAJA ELECTRICA DE 1/2"" A 2""",25.60723076923077
EQU208,"DOBLADORA DE TUBO CONDUIT HASTA 3/4"" /B-1711",340.0338461538462
EQU206,"DOBLADORA DE TUBO CONDUIT HASTA 1"" /B-1712",407.62415384615383
EQU177,"CORTADORA DE TUBOS DE HIERRO NEGRO 2"" A 6""",76.20800000000001
EQU623,"TARRAJA ELECTRICA 2 1/2"" HASTA 4""",219.83153846153846
EQU501,PISTOLA DE FIJACION HILTI DX460,10676.666307692309
EQU210,"DOBLADORA DE TUBO EMT HASTA 1/2"" /B-1677(RIDGID)",220.6183076923077
EQU209,"DOBLADORA DE TUBO EMT HASTA 1"" /B-1679",337.3506153846154
EQU114,"CINTA PASACABLES D/1/4"" (6,35mm) x 61m, MARCA GREENLEE",813.786
EQU115,"CINTA PASACABLES D/100 ft (1/8"") C/CAJA, MARCA GREENLEE",400.80507692307697
EQU345,"HALACABLES ELECTRICO DE 4000 Lb, MARCA GREENLEE",684345.1807692308
EQU495,PINZA PELACABLES TIPO AUTOMATICA,97.00723076923077
EQU666,VOLTIAMPERIMETRO ANALOGO SK-7100 600V 600A 20kOhm KAISE,129.17046153846152
EQU004,"ALICATE PELACABLES AUTOMATICO, MARCA GREENLEE",151.99430769230767
EQU189,DESTORNILLADOR ELECTRICO DE 4.000 rpm,432.35430769230766
EQU030,BOMBA MANUAL PARA PRUEBAS HIDRAULICAS C/FILTRO,4903.607076923077
EQU612,"TALADRO TE-15 HILTI ELECTRICO (3/8"" A 5/8"")",7196.663692307692
EQU109,"CINCEL PLANO DE DIAMETRO= 1"" (2,540 cm)",213.4183076923077
EQU179,CRISOL P/PLOMO 8,2458.21
EQU397,"MANDARRIA MANGO CORTO DE 1,5 Kg, MARCA BELLOTA",169.90646153846154
EQU599,SOLDADORA MILLER BIG-50 400 AMP (USADA),36825.20784615384
EQU613,"TALADRO TE-25 HILTI ELECTRICO (1/2"" A 7/8"")",10561.762153846154
EQU628,TERRAJA ELECTRICA RIDGID 300 COMP.,90857.5413846154
EQU602,SOPLETE P/SOLD. EST./PLOMO GASOLINA BLANCA 2 LITROS,277.1004615384615
EQU384,"LLAVE AJUSTABLE DE 8"", MARCA ACCESA",92.29523076923077
EQU583,SEÑORITA DE CADENA DE CAPACIDAD= 5 TON,102.58815384615384
EQU122,CIZALLA PARA LAMINAS HASTA 6mm,195.368
EQU634,TIJERA PARA CORTAR PERFILES,199.09415384615386
EQU667,VOLTIAMPERIMETRO DIGITAL SK-7625 600V 600A 20MOhm KAISE,202.69369230769232
EQU297,"ESPATULA DE 6""",91.37615384615384
EQU303,ESPONJA GRANDE,22.448923076923077
EQU317,EXTENSION PARA HARAGAN,24.824153846153845
EQU348,HARAGAN PARA VIDRIO,61.11953846153846
EQU428,"MECATE DE NYLON DE DIAMETRO= 3/4"" Y LARGO= 50 m",108.55953846153847
EQU013,APLICADORES PARA FUMIGACION,2237.5280000000002
EQU015,ASPERJADORA MANUAL PLASTICO P/FUMIG.,6705.532
EQU473,NEBULIZADORES PLASTICO PARA FUMIGACION,12688.99
EQU301,ESPOLVOREADORA PARA FUMIGACION,6509.750307692308
EQU302,ESPOLVOREADORAS PLASTICAS PARA FUMIGACION,2443.420923076923
EQU175,CORTADORA DE GRAMA 5.0 HP C/MOTOR A GASOLINA (CUALITA),33691.119692307686
EQU635,"TIJERA PARA PODAR DE LARGO= 12"", MARCA STANLEY",160.79923076923077
EQU050,CAMION CISTERNA 15.000 LTS.,3996811.2176923077
EQU467,"MOTOSIERRA DE 30"", DE POTENCIA= 5,1 HP A GASOLINA",18060.86323076923
EQU185,DESMALEZADORA 2.5 HP marca SHINDAWA,10656.310307692309
EQU550,RASTRILLO JARDINERO,108.86953846153847
EQU046,CAMION CESTA MARCA KODIAK,736278.4707692307
EQU011,ANDAMIO TUBULAR DE UNO A TRES CUERPOS MAS DOS TABLAS,60.54046153846154
EQU060,CAMION GRUA CAP.4 - 6 TON,554771.9884615385
EQU098,CEPILLO DE ALAMBRE 15 FILASx4 HILERAS MARCA CERDEX,59.02461538461538
EQU294,ESPATULA CON MANGO DE 6 cm,32.58692307692308
EQU160,CONOS D/SEÑALIZACION DE POLIETILENO D= 35x35x70 Cms,335.382
EQU286,ESCOBA,43.707076923076926
EQU053,CAMION DE VOLTEO FORD CARGO 1721,421191.85646153847
EQU159,CONOS D/SEÑALIZACION DE POLIETILENO D= 28x28x50 Cms,184.99784615384615
EQU357,"HIDROLIMPIADORA D/PRESION=1800 Psi, 3 HP, AGUA-CALIENTE",8935.011538461538
EQU241,EQUIPO HIDROJET 220V / IF 2300 Lb,23831.23076923077
EQU346,HARAGAN,47.25969230769231
EQU052,CAMION DE VOLTEO FORD 350 (CHASIS-CABINA) 8 CILINDROS,235173.36184615383
EQU560,RETROEXCAVADORA CAT 416D 4X4,835108.2186153847
EQU341,GUAYA DESTAPADORA C-4 MARCA RIDGID,562.2564615384615
EQU084,"CARGADOR DE RUEDAS CAT 950G 3,25 M3",2652067.758615385
EQU248,EQUIPO MENOR BASICO PARA UN OBRERO,3394.259076923077
EQU509,PLANTA DE ASFALTO WIRTGEN 120 TON,1022152.7636923078
EQU059,CAMION FIAT IMPRIMADOR ROSCO,1169885.2112307693
EQU457,MOTOBARREDORA MECANICA JOHNSTON MOD. V3000 SP,4249349.26323077
EQU058,CAMION F350 REMOLQUE TECHADO.,346544.0463076923
EQU127,COMPACTADORA CAT CB-224E DE ASFALTO (RODILLO),423848.7629230769
EQU129,COMPACTADORA CAT CB-634D DE ASFALTO (RODILLO),1929578.7993846154
EQU133,COMPACTADORA CAT PS-500 (FRA) DE NEUMATICOS,4058782.688153846
EQU009,ANDAMIO COLGANTE CON EQUIPO COMPLETO Y SIN CONTRAPESO,161.55923076923077
EQU049,"CAMION CHEVROLET-CHEYENNE, 3,5 TON-3 M (CHASIS-CABINA)",342916.74076923076
EQU247,EQUIPO LIVIANO TALLER HERRERIA,32810.49676923077
EQU469,MOTOSOLDADORA 80-575 Amp LINCOLN MOD.SAE-400,499769.4483076923
EQU007,ANDAMIO COLGANTE,48.18584615384615
EQU409,"MARTILLO DEMOLEDOR ELECT. PEQUEÑO DE 850w-5Kg, BOSCH",36536.50892307692
EQU381,"LIJADORA ORBITAL, MARCA SKIL",3900.0106153846154
EQU367,JUEGO DE LLAVES DE COPA DE 4 PIEZAS,179.4029230769231
EQU551,RATCHET DE 14 PIEZAS,844.7609230769231
EQU472,MULTIMETRO DE QUIJADA MARCA FILPIN,7072.832307692307
EQU028,BOMBA DE VACIO MODELO 4CFM,14661.300923076924
EQU369,JUEGO DE MANOMETROS Y REGULADOR,2765.3863076923076
EQU344,"HALACABLES ELECTRICO DE 2000Lb, MARCA GREENLEE",24751.05692307692
EQU094,CARRUCHA DE 2 RUEDAS,1130.858923076923
EQU091,CARRETILLA TIPO ZORRA DE RUEDAS NEUMATICAS,622.7898461538462
EQU014,ASA CON VENTOSAS PARA SOSTENER VIDRIO (MAX 550 Kgf),3973.9056923076923
EQU290,"ESMERIL DE DIAMETRO= 7""",32.377692307692314
EQU349,HERRAMIENTAS MENORES,4587.373846153846
EQU412,MARTILLO LAMINERO,1015.8650769230769
EQU227,EQUIPO BASICO PARA UN ALBAÑIL,1578.335076923077
EQU288,ESCUADRA TIPO T DE ALUMINIO,1074.819076923077
EQU293,"ESPATULA CON MANGO DE 1-1/2"", MARCA DANCER-CERDEX",16.69923076923077
EQU338,GUANTES DE CARNAZA,69.32523076923077
EQU374,LENTES DE SEGURIDAD,34.356923076923074
EQU416,MASCARILLA PARA PINTURA Y OLORES,17.326307692307694
EQU506,PISTOLA PARA CALAFATEO,85.96953846153846
EQU571,"RODILLO PARA PINTURA TIPO ESMALTE 9""x6mm, MARCA CERDEX",51.029538461538465
EQU220,EQUIPO # 1 PARA INSTALACION ELECTRICA,16287.580615384615
EQU188,DESTAPADORA D/CAÑERIAS RIDGID MOD.K-50S/ACC.115V,5438.677384615385
EQU385,LLAVE AYUDANTE DE PLOMERO RIDGID 1017,197.73769230769233
EQU298,ESPATULA LLANA DOBLE P/ENCAMISADO D/PARED 30cm DANCER,55.18492307692308
EQU637,TOBO DE CAPACIDAD= 17 l,208.71861538461536
