CodMat,Descri,CosMat
MAT0688,CAL EN PASTA 7.00 Kgf/saco,7.458461538461538
MAT0373,"ANILLO H.G. D=2""",32.28323076923077
MAT3075,"UNION PVC PRESION A/C ASTM D=1/2""",1.9470769230769231
MAT2161,"REJILLA CROMADA 2""",41.90276923076923
MAT0929,COLETO,20.96415384615385
MAT0123,ACACIAS,3.087076923076923
MAT2211,"REM-9014 I.E.TUB.HIER.GALV.S/ROSCA,EMT,EMBUTIDA. 1/2plg",23.256923076923076
MAT2220,REM-9023 CONSTRUCCION SANITARIO DE OFICINA,1071.702
MAT2212,"REM-9015 I.E. CAB/COBRE TRENZ.REVEST.TW, 12 AWG(2.32mm)",22.589076923076924
MAT2206,REM-9008 MONTAJE ESTRUC.METALICA ACERO C/CONEX.SOLDADAS,3.4766153846153847
MAT2210,REM-9013 SUM.TRANS.COLOC.VENT.BASC.PERF.HIERRO Y VIDRIO,1354.7136923076923
MAT2209,REM-9012 SUM.TRANS.COLOC.PUERTAS LAM.SENC.HIERRO T.BAT,943.702
MAT2208,"REM-9011 CONST.REVEST.PISOS C/MORTERO CEMENTO, A. LISO",46.63215384615385
MAT2205,REM-9007 SUM.FAB.LIMP.Y SIST.PROTEC.ESTR.SOL.ESPECIFIC.,27.53
MAT2204,"REM-9006 CONCRETO 200, A.CORRIENTE, CONST.BASES PAVIM.",675.0924615384615
MAT2235,"REM-9044 CONST.PARED.BLOQ.CONCR.A.CORRIENTE, e= 15 CMS.",83.20953846153846
MAT2207,"REM-9009 SUM.TRANS.COLOC.LAMINAS ACERO,ASFALTO,ALUMINIO",110.05999999999999
MAT2221,"REM-9024 CONST.REVES.EXT.PARED.C/MORTERO CAL, A.RUSTICO",52.032923076923076
MAT2222,"REM-9025 CIELO RASO FIBRA VIDRIO E=5/8"", JUNTA VISIBLE",159.96692307692308
MAT2223,REM-9026 CAUCHO INTER. PAREDES. INC.FONDO ANTIALCALINO,32.98676923076923
MAT2229,"REM-9035 CONST.PROV.CONV.OFIC.S/FRISO,S/CIELO RASO.INC.",1249.469846153846
MAT2230,"REM-9036 CONST.REV.INT.PARED.C/MORTERO CAL, A. LISO.",49.33461538461538
MAT2219,"REM-9022 SUM.TRANS.INST.CENT.PISO CIRC.ESTANDAR,BRONCE",108.39907692307692
MAT2214,"REM-9017 PTS.AGUA.RES.PVC,2plg,e=3.2mm AMB.INT.REC.SANI",52.06107692307692
MAT2213,"REM-9016 PTS.AGUA.CLARAS,ACER.GALV.ISO II,150psi,1/2plg",128.17123076923076
MAT1468,GRIFERIA P/DUCHA MANILLA CROSS FUNDICION PACIFICO,423.9987692307692
MAT2218,"REM-9021 SUM.TRANS.INST.W.C.ASIENTO,TANQ.BAJO,DES.PISO",2447.605076923077
MAT2225,"REM-9029 SUM.TRANS.INST.URINARIO,C/SIFON CROM.C/LLAVE",1337.032
MAT2224,"REM-9028 CONST.PROV.CONV.DEPOSITOS,INC.ACOMETIDA PROV.",1003.1010769230769
MAT2217,REM-9020 I.S.SUM.TRANS.INST.LAVAMANOS/COLGAR/UNA LLAVE,1225.292923076923
MAT2216,"REM-9019 TUB.VENT.P.V.C.LIVIANO,2"".EMBUT.INC.CONEXIONES",25.517846153846154
MAT2215,"REM-9018 PTS.AGUA.RES.PVC,4plg,e=3.2mm AMB.INT.REC.SANI",94.01153846153846
MAT1460,GRAPAS CALIBRE 5/8 x 16 SIN CABEZA (CAJA 25 Kgf),94.20092307692309
MAT0259,ALAMBRE DE PUAS GALV. CAL 14 L= 300 m,5.7676923076923075
MAT1737,MADERA CUARTON AURORA 5 X 10 cm,7016.67
MAT2063,"POSTE DE UÑAS METALICO PARA CERCAS h=2,10 m e= 1,5 mm",127.72261538461538
MAT2069,"POSTE METALICO PARA CERCAS D= 2"" h=2,20 m",242.9647692307692
MAT0546,"BRAZO ALUM. SENCILLO P/CERCA CICLON D= 2 1/4""",33.884307692307694
MAT1753,"MALLA GALVANIZADA CAL. 09-60-25 h=1,80 m ROLLO D/25 m",133.15615384615384
MAT1090,"CRUCETA (TE) P/FIJACION TUBO CERCA 2"" x 1.1/4"" +2 TORN.",75.94153846153846
MAT0263,ALAMBRE LISO GALVANIZADO CAL 18/ ROLLO DE 50 Kgf,105.01215384615385
MAT2203,"REM-9005 CONCRETO 150, A.CORRIENTE, BASES Y ESCALONES",950.9052307692307
MAT2919,"TUBO GALV.CALIEN. P/CERCA D=2"" L=6.60m e=1.10 mm",90.51630769230769
MAT2658,TRANSPORTE DE MATERIALES (10%),0.0015384615384615385
MAT1754,"MALLA GALVANIZADA CAL.10-60-25 h=1,80 m ROLLO DE 25 m",126.8929230769231
MAT1755,"MALLA GALVANIZADA CAL.11-60-25 h=1,80m ROLLO DE 25m",77.536
MAT2199,"REM-9001 CONCRETO 200, A.CORR., MACHONES, VIGAS CORONA",776.8798461538462
MAT0233,"AGUA-TARIFA INDUSTRIAL TIPO ""B""",0.046153846153846156
MAT0407,ARENA LIGADA-POLVILLO (INCLUYE CARGA Y LOGISTICA),176.09476923076923
MAT0494,BLOQUE PARED ENTERO NORMAL CONCRETO 15x20x40 cm.,3.4224615384615387
MAT2201,REM-9003 SUM.TRANS.PREP.COLOC.ACERO REFUE. CABILLA 3/8,29.516923076923074
MAT2200,"REM-9002 ENCOFRADO MADERA RECTO, A.CORRIENTE, MACHONES",146.76600000000002
MAT0726,CEMENTO PORTLAND GRIS TIPO III SACO = 42.5 Kg,26.290615384615386
MAT2202,REM-9004 SUM.TRANS.PREP.COLOC.ACERO REFUE. CABILLA 1/2,21.351692307692307
MAT0495,BLOQUE PARED ENTERO NORMAL CONCRETO 20x20x40 cm.,4.5440000000000005
MAT2946,"TUBO H.G. ISO D=3"" L= 6.40 m",130.5353846153846
MAT1882,PASADOR HORIZONTAL PORTON P/COLOCACION CANDADO H.G.,54.158307692307694
MAT0057,"ABRAZADERA (OMEGA) MOROCHA D=3"" GALV/ LIV / C.TORN.",9.492153846153846
MAT1883,PASADOR VERTICAL PORTON P/COLOCACION CANDADO H.G.,54.72123076923077
MAT1322,"ELECTRODO E-6013 1/8"" (3.32mm) LONG. 350 mm",75.14415384615384
MAT2032,"PLETINA NEGRA 3/4""x3/16"" L=1.8 m. P/CERCA CICL0N",17.80076923076923
MAT0476,"BISAGRA GALV. P/PORTON CERCA MALLA CICLON 1-1/2""",96.11646153846154
MAT2920,"TUBO GALV.CALIENTE D= 2"", L=6.60m (CERCAS) e=1.10 mm",89.06723076923076
MAT1168,"CURVA E.M.T. D=1""",25.869076923076925
MAT2757,"TUBERIA EMT D=1"" L= 3.00 m",19.573076923076922
MAT0362,"ANILLO E.M.T. D=1""",7.691846153846154
MAT0640,CABLE TW # 6 AWG/MCM (THHN 90° C 600 V),53.718923076923076
MAT0636,CABLE TW # 12 AWG/MCM (THHN 90° C 600 V),17.187846153846156
MAT0687,"CAJETIN RECTAN. 4x2"" HUECOS 1/2""o 3/4""",41.810769230769225
MAT0994,"CONECTOR E.M.T. D=1""",6.788461538461538
MAT0684,"CAJETIN CUADRADO DE 5""x5""(HUECO 1"")",40.178000000000004
MAT1688,"LLAVE DE COMPUERTA D=3/4""",171.19415384615385
MAT2487,"TEE H.G. D=3/4""",10.343076923076922
MAT2575,TEFLON (ROLLO 1/2 x 12 m),8.987230769230768
MAT2947,"TUBO H.G. ISO D=3/4"" L= 6.40 m",23.96153846153846
MAT0369,"ANILLO H.G. D= 3/4""",6.582
MAT0905,"CODO H.G. 90° D=3/4""",8.776000000000002
MAT3012,"TUBO PVC AN NORMAL 4"" L= 3.00 m",15.439538461538461
MAT3206,"YEE PVC P/AGUAS NEGRAS D=4""",15.64276923076923
MAT0914,"CODO PVC AGUAS NEGRAS 45° D=4""",8.317846153846153
MAT1918,PEGAMENTO P/TUBOS PVC TANGIT ENVASE 950 ml,40.11492307692308
MAT1663,LIMPIADOR DE TUBOS PVC TANGIT PAVCO,25.12876923076923
MAT1246,"DISCO ABRASIVO PARA ESMERIL 7""",124.4336923076923
MAT0128,ACETILENO INDUSTRIAL (CILINDRO DE Cap= 6 kgf),207.5106153846154
MAT1866,OXIGENO INDUSTRIAL (CILINDRO DE Cap= 6 kgf),135.34507692307693
MAT1334,ENERGIA Y GASES 2,0.044307692307692305
MAT0797,"CLAVOS DE 4"" CAL.8 caja= 25 Kgf",23.95184615384615
MAT1746,MADERA TABLERO D/AURORA/CHAPA FINA/DIM=1.62X2.20m,7378.782307692308
MAT0405,ARENA LAVADA (INCLUYE CARGA Y LOGISTICA),208.49984615384616
MAT1985,PIEDRA PICADA (INCLUYE CARGA Y LOGISTICA),208.49984615384616
MAT1338,ENSAYO CILIND/CONCR/COMPR/INCLUY/MOL.TOM/MUEST/1-10 CIL,5.384615384615385
MAT0958,"CONCRETO PREMEZCLADO f´c = 200 Kgf/cm2 NORMAL As=5""",554.6916923076923
MAT0471,BENTONITA SACO 50 Kgf. (BENTONIL - FRANCESA),1681.8953846153845
MAT0496,BLOQUE PLATABANDA ARCILLA 15x20x40 cm. 8 P/m2 P= 5.2Kgf,3.5772307692307694
MAT0497,BLOQUE PLATABANDA ARCILLA 20x20x40 cm. 8 P/m2 P= 7.8Kgf,4.262923076923077
MAT0498,BLOQUE PLATABANDA ARCILLA 25x20x40 cm. 8 P/m2 P= 10Kgf,4.375846153846154
MAT0499,BLOQUE PLATABANDA ARCILLA 30x20x40 8P/m2 P=14 Kgf,5.229846153846154
MAT2228,REM-9034 TRANS.EN CAMION.CEMENTO DISTANCIAS HASTA 50KM,0.19061538461538463
MAT0511,BLOQUE TABELON ARCILLA 6 x 20 x 60 cm 9 Pza/m2,4.224615384615385
MAT1948,"PERFIL IPN 80 L = 12 m ( 6,10 Kgf/m)",17.841846153846156
MAT1750,"MALLA ELECTROSOLDADA 5""x 5""R=120 m2/Aprox.1.66 Kgf/m2",16.982615384615382
MAT0513,"BLOQUE TABELON ARCILLA 6 x 20 x 80 cm 6,25 Pza/m2",4.294769230769231
MAT0515,BLOQUE TABELON ARCILLA 8 x 20 x 60 cm 9 Pza/m2,4.498923076923077
MAT1949,"PERFIL IPN 100 L = 12 m ( 8,42 Kgf/m)",21.446461538461538
MAT0517,"BLOQUE TABELON ARCILLA 8 x 20 x 80 cm 6,25 Pza/m2",4.621538461538461
MAT1738,MADERA EN VIGUETAS P/ARRIOSTRAR LARGO= 3.00 m,113.98015384615384
MAT0500,BLOQUE PLATABANDA CONCRETO ALIG.10X20X60cm 9P/m2 C/PEST,4.814461538461538
MAT2237,"REM-9046 CONST.NERV.PREF.UTIL.CERCHA 10cm,200 KGF/CM2",62.93353846153846
MAT2238,"REM-9047 CONST.NERV.PREF.UTIL.CERCHA 10cm,250 KGF/CM2",63.02215384615384
MAT0480,BLOQ. PLATABANDA CONCRETO ALIG.15X20X40cm 13P/m2 C/PEST,3.2236923076923074
MAT2239,"REM-9048 CONST.NERV.PREF.UTIL.CERCHA 15cm,200 KGF/CM2",71.09015384615384
MAT2240,"REM-9049 CONST.NERV.PREF.UTIL.CERCHA 15cm,250 KGF/CM2",71.17876923076923
MAT0481,BLOQ. PLATABANDA CONCRETO ALIG.20X20X40cm 13P/m2 C/PEST,4.037384615384616
MAT2241,"REM-9050 CONST.NERV.PREF.UTIL.CERCHA 20cm,200 KGF/CM2",93.17307692307692
MAT2242,"REM-9051 CONST.NERV.PREF.UTIL.CERCHA 20cm,250 KGF/CM2",93.26169230769231
MAT1745,MADERA TABLA/SAQUI-SAQUI/SIN CEPILLAR/NI ESCOGER MED.,7997.669230769231
MAT1740,"MADERA TABLA D/SAQUI-SAQUI,CEPILLADA",8325.136615384616
MAT0264,ALAMBRON D=5.20mm (TRIPA DE POLLO) P=0.167Kgf/m L=6m,25.59353846153846
MAT0581,"CABILLA D=3/8"" Fy=4200Kgf/cm2 L=12m P=0,559Kgf/m",19.278153846153845
MAT0579,"CABILLA D=1/2"" Fy=4200Kgf/cm2 L=12m P=0,994Kgf/m",14.948307692307692
MAT0583,"CABILLA D=7/8"" Fy=4200Kgf/cm2 L=12m P=3,045Kgf/m",11.732615384615384
MAT0580,"CABILLA D=3/4"" Fy=4200Kgf/cm2 L=12m P=2,237Kgf/m",10.93876923076923
MAT0582,"CABILLA D=5/8"" Fy=4200Kgf/cm2 L=12m P=1,554Kgf/m",13.246153846153845
MAT0577,"CABILLA D=1"" Fy= 4.200 Kgf/cm2 L=12m 3,978 Kgf/m",8.751538461538463
MAT0578,"CABILLA D=1-3/8"" Fy= 4.200 Kgf/cm2 L=12 m 7,907 Kgf/m",5.998
MAT1968,"PERNOS DE ANCLAJE DE ACERO SAE-1020 D=1/2"" Long.Vast=3""",192.30769230769232
MAT1969,"PERNOS DE ANCLAJE DE ACERO SAE-1045 D=1/2"" Long.Vast=3""",192.30769230769232
MAT1413,FONDO MINIO,240.3846153846154
MAT1567,KILOVATIO-HORA (< 36 KVA = 9.80 Bs/KVA),0.0052307692307692315
MAT0399,"ARANDELA GALVANIZADA D=1/2"" PLANA",0.7141538461538461
MAT1333,ENERGIA Y GASES 1,0.23907692307692308
MAT1931,"PERFIL ACERO ELECTROSOLDADO/VP 160mm P=16,4Kgf/m L=12m",4.290923076923077
MAT1938,PERFIL ECO ASTM A500 120x60x2.50mm L= 12 m 6.70 kg/m,17.585538461538462
MAT1586,LAM.ACAN/LOSACERO C.18/A/UTIL=76.2cm/Lmax12m 9.60kgf/m,69.70061538461539
MAT1588,LAM.ACAN/LOSACERO CAL.20/A/UTIL= 76.2 cm. 7.25 kgf/m,53.562000000000005
MAT1590,LAM.ACAN/LOSACERO CAL.22/A/UTIL =76.2 cm 5.68 kgf/m,35.24430769230769
MAT1592,LAM.ACAN/LOSACERO CAL.24/A/UTIL =76.2 cm 4.89 kgf/m,29.533846153846156
MAT1626,"LAMINA DE ZINC 2,44 x 0,83 m",60.25061538461539
MAT1594,LAM.ACANAL.STUCCO ALUM. e=0.5mm A/UTIL=0.90m 1.69 Kgf/m,46.683846153846154
MAT1595,LAM.ACANAL.STUCCO ALUM. e=0.6mm A/UTIL=0.90m 2.04 Kgf/m,77.72615384615385
MAT1624,"LAMINA DE TECHO CINDUTEJA DE ANCHO= 0,80 m A/u = 0,70 m",81.86938461538462
MAT0486,BLOQUE PARED ARCILLA 10 x 20 x 30 cm (16 P/m2) P=3.5 Kg,2.0467692307692307
MAT0487,BLOQUE PARED ARCILLA 12 x 20 x 30 cm (16 P/m2) P=4.2 Kg,2.125846153846154
MAT0488,BLOQUE PARED ARCILLA 15 x 20 x 30 cm (16 P/m2) P=5.0 Kg,2.318461538461538
MAT0489,BLOQUE PARED ARCILLA 20 x 20 x 30cm (16 P/m2) P=6.5 Kgf,1.493076923076923
MAT1578,LADRILLO MACIZO ARCILLA 6 x 12 x 25 cm,3.729230769230769
MAT1579,LADRILLO MACIZO ARCILLA OBRA LIMPIA 6 x 12 x 25 cm,3.729230769230769
MAT0493,BLOQUE PARED ENTERO NORMAL CONCRETO 10x20x40 cm.,2.9023076923076925
MAT0689,CAL EN POLVO 10 Kgf/saco,8.08
MAT0490,BLOQUE PARED ARCILLA ORNAMENTAL 15 x 15 x 15 cm,3.6876923076923074
MAT0491,BLOQUE PARED CONCRETO TIPO PERSIANA 15x20x40 cm.,3.609230769230769
MAT2608,"TORNILLO 1"" x 6"" P/TABIQUE 100 Und/caja",20.057846153846153
MAT0788,CINTA AUTOADHESIVA P/DRY-WALL ROLLO=100m,80.37692307692308
MAT1419,FULMINANTE P/PISTOLA DE FIJAC/CAL.22(VERDE) C=100 Und,1.612
MAT2611,"TORNILLO 7/16x7"" P/TABIQUE Caja:100 Und",5.308153846153846
MAT1610,"LAMINA D/YESO T.RASO e=1/2"" (DW) A=1.22m L=2.40m",272.36723076923073
MAT1953,"PERFIL PARALES P/TABIQUES 2 1/2"" x 3.05 m",48.75076923076924
MAT1952,"PERFIL PARALES P/TABIQUES 2 1/2"" x 2.49 m",36.44769230769231
MAT1793,MASTIQUE IMP (DRY WALL),176.92307692307693
MAT0795,"CLAVOS D/ACERO P/PISTOLA D/FIJACION L=1"" Caja:100 Und",0.7012307692307692
MAT0722,"CEMENTO BLANCO 21,25 Kgf/saco",54.897230769230774
MAT0483,BLOQUE DE VIDRIO 19 x 19 x 8 cm. TRANSLUCIDO,75.84707692307693
MAT0408,ARENA P/FRISO MARACAY (INCLUYE CARGA Y LOGISTICA),156.68584615384614
MAT2039,POLVO DE MARMOL 40 Kgf/saco,21.753846153846155
MAT0227,ADITIVO IMPERMEABILIZANTE SIKA - 1,147.69230769230768
MAT3209,YESO SACO DE 30 Kgf.,69.78461538461538
MAT0736,CERAMICA CARABOBO 33 x 33 cm. UNICOLOR BLANCO LISO,104.97538461538461
MAT1644,LANILLA DE ACERO #5,100.43076923076923
MAT1921,PEGO BLANCO MONTELUPO 20 Kgf/saco,20.976923076923075
MAT1917,PEGA VINILCEM DE 1/8 Gal (475 grs),27.700615384615386
MAT2283,RODAPIE VINYL PLASTIGEN h=10 cm rollo=50 m,0.5803076923076923
MAT2281,RODAPIE DE GRANITO PULIDO h=10cm e=3mm L=1m,111.85307692307693
MAT2580,TEJA CRIOLLA DE ARCILLA 19 x 40 x 1 cm (COLONIAL),1.5227692307692309
MAT1108,CUMBRERA P/TEJAS DE CONCRETO (3 Pza/m),8.508307692307692
MAT2581,TEJA DE CONCRETO COL.ROJO LADRILLO (10 Pza/ m2),51.58476923076923
MAT1427,GANCHO P/LAMINA TECHO C/ARANDELA ASFALTICA Y MET. 2 x 1,3.747076923076923
MAT1397,FLEJE PLASTICO e=5mm (COLOR: BLANCO),0.36923076923076925
MAT1332,ENDURECEDOR KEMOX H-100 SACO PESO = 25 Kgf,4.118307692307693
MAT1553,JUEGO DE PIEDRAS PARA PULIR Nº 24 3 Und.,189.80769230769232
MAT1454,GRANITO N° 0 SACO COLOR BLANCO 35 Kgf.,69.23076923076923
MAT0430,"BALDOSA VINYL PLASTIGEN 30,5x30,5cm e=1.6mm",14.506307692307692
MAT0431,"BALDOSA VINYL TIPO TERRAZO 30,5x30,5cm e=3.2mm",40.60830769230769
MAT2657,TRANSPORTE DE MATERIALES ( 5%),0.0007692307692307692
MAT0429,BALDOSA DE GRANITO 25 x 25 cm BLANCO-NEGRO,450.3123076923077
MAT0703,CANTO RODADO ROJO (GRAVILLA Nº 3 ROJO),69.97215384615384
MAT1873,PANELA VITRIFICADA (CAICO) 25x25 cm,204.05446153846154
MAT2232,REM-9041 CONSTRUCCION DE MEDIA CAÑA,16.00430769230769
MAT0129,ACIDO MURIATICO,19.158615384615384
MAT0255,ALAMBRE ACERO GALVANIZADO PARA ATAR CAL. 18,0.8253846153846154
MAT1396,FLEJE DE MADERA (SAQUI-SAQUI) 1x1x300 cm,39.06892307692308
MAT0796,"CLAVOS DE 1-1/2"" CAL.14 caja = 25 Kgf",17.17676923076923
MAT0800,COCUIZA,33.571384615384616
MAT0131,ACIDO OXALICO,11.145384615384616
MAT2018,PLANCHA DE PLOMO 1mm PARA PULIR GRANITO (1Kgf),812.1803076923077
MAT0735,CERA PASTA NEUTRA PARA PULIR GRANITO,144.67261538461537
MAT2452,TE DE ALUMINIO SECUNDARIO COLOR BLANCO 4pies L= 1.22 m.,13.101538461538462
MAT1596,LAM.ACRILICA PUNTA DIAMANTE TRANSP.D=1.20x0.60m e=2.2mm,117.87953846153846
MAT0319,ANGULO ALUMINIO BLANCO L= 3.66 m.,4.390461538461539
MAT0262,ALAMBRE LISO GALVANIZADO CAL 12.5,60.71415384615385
MAT2451,TE DE ALUMINIO PRINCIPAL COLOR BLANCO 12pies L=3.66m.,8.587384615384615
MAT1609,"LAMINA D/FIBRA DE VIDRIO P/TECHO RASO 1,20x0,60m e=5/8""",63.11076923076923
MAT1930,"PERF. CANAL OMEGA MET. P/T DW 2 1/2"" L= 3.05 m",32.34615384615385
MAT1611,"LAMINA D/YESO T.RASO e=3/8"" (DW) A=1.22m L=2.40m",248.52046153846155
MAT1639,"LAMINA YESO TEXT. P/T. RASO e=1/4"" A=0.60m L=1.20m",131.9929230769231
MAT1619,"LAMINA DE FIBRA MINERAL P/TECHO RASO 60x120 cm e=1/2""",99.17523076923078
MAT1620,"LAMINA DE FIBRA MINERAL P/TECHO RASO 60x120 cm e=5/8""",97.25230769230768
MAT1623,"LAMINA DE POLIESTIRENO 1,20x0,60m e= 5/8""",9.077538461538461
MAT1996,PINTURA CAPA COLOR VERDE,737.7256923076923
MAT1254,ECOPRIMER (IMPERMEABILIZANTE A BASE D/EMULSION ASFALT),127.01307692307692
MAT1566,KEROSENE,14.159846153846154
MAT1656,LIGA PISO MASTIC,44.052615384615386
MAT1444,"GEOMEMBRANA IMPERMEAB500 A= 3,40m L=VAR. m e=0.50mm",32.673692307692306
MAT1583,LAM. ASF.ELASTOMERICA C/R INT.F.POLIESTER e=4mm 10x1m,22.632615384615384
MAT2231,"REM-9039 LOSETAS PREFAB.MORTERO 70x70,2.5 ESP.INC.MORT.",70.17953846153846
MAT0418,ASFALTO SOLIDO-CILINDRO DE 45 Kgf,21.53153846153846
MAT2077,PRIMER (IMPERMEABILIZANTE C/SOLVENTE) ASFALTO LIQUIDO,139.50415384615386
MAT0724,CEMENTO PLASTICO,100.75538461538463
MAT1597,LAM.ASF.ELASTOMERICA C/R INT.F.POLIESTER e=3mm 10x1m,18.33446153846154
MAT1598,LAM.ELASTOMERICA C/REFUERZ. INT FIBRAVIDRIO e=4mm 10 m2,14.833538461538462
MAT1372,FIBRA D/VIDRIO ASFALTICA (IPAGLASS) ROLLO= 50 m2,1.0915384615384616
MAT2079,PROTECAPA EMULSION ASFALTICA -CUÑETE= 5 Gal,128.51615384615383
MAT2233,REM-9042 RECUBR.CAPA IMPERM.C/PINTURA BASE ASF. C/ALUM.,69.27707692307693
MAT1584,LAM. BASE P/IMPERMEABILIZ. D/TECHOS/MADERA e=1.5cm 20m2,1.6550769230769231
MAT2234,REM-9043 RECUBR.EXT.TECHOS C/TEJAS CRIOLLAS.INC.MORTERO,72.36476923076923
MAT2583,"TELA D/FIBRA D/VIDRIO ASFALTADA ROLLO: L=50m, ANCHO=1m",0.784
MAT2304,SELLADOR A BASE DE SILICON SILIKONIT (Rend=20 m2/gal),84.38384615384615
MAT1993,PINTURA ALUMINIO,386.3076923076923
MAT2579,"TEJA ASFALTICA HEXAGONAL ROJA DE e=3mm, ROLLO= 3m2",133.78215384615385
MAT2096,PUERTA DE ALUMINIO BLANCO BATIENTE S/VIDRIO,1940.2807692307692
MAT3179,VIDRIO PLANO e= 5 mm,115.83061538461538
MAT2099,"PUERTA METAL 1 LAM/LISA MARCO HOJA 3""x1"" FOND.S/MARC",845.3507692307693
MAT0475,"BISAGRA 3"" x 3"" e= 2 mm LATON PULIDO",24.754461538461538
MAT2100,"PUERTA METAL./ROMAN. MARCO HOJA 3""x1-1/2"" FOND.S/MARCO",1062.8403076923075
MAT2101,PUERTA METALICA ENTAMB. LAM. CAL 18 FONDEA. S/MARCO,1068.3712307692308
MAT1081,CORREDERA P/PUERTAS REJAS METALICAS GUIA:M-2271 L=6.1 m,1118.9916923076923
MAT2082,"PTA. REJ/MAR/HOJ 3""x1-1/2""/REL.1-1/2""x3/4""C/5cm S/MAR.",1031.7112307692307
MAT3170,"VENTANA HIERRO BATIENT. S/VIDRIOS TUBO 2"" x 1"" Y 1""x 1""",993.3912307692308
MAT3165,VENTANA DE ALUMINIO BATIENTE COLOR BLANCO S/VIDRIO,1329.7856923076924
MAT3169,"VENTANA DE HIERRO CORREDERA TUBO 3"" x 1"" Y 1"" x 1""",1274.4781538461539
MAT3164,VENTANA D/ALUMINIO CORREDERA SERIE 300 C/VID.INC.RODAJE,937.3189230769232
MAT3168,"VENTANA DE HIERRO BASCULANTE-ANGULOS 1"" x 1/8""",1190.8463076923076
MAT3163,"VENT. MET.BASCUL.MARCO A PARED TUBO 3""x1"" CAL.15 Y MARC",1305.5726153846153
MAT1801,MECANISMO ALUMINIO TIPO MACUTO (PALANCA),170.95446153846154
MAT3166,VENTANA DE ALUMINIO CELOSIA CON PALETAS DE ALUMINIO,685.5109230769231
MAT3167,"VENTANA DE ALUMINIO CELOSIA, CON VIDRIO",689.3836923076924
MAT2908,"TUBO D/ACERO RECT 2""x1"" L=6 m e= 1.10 mm; 1.293Kgf/m",97.57830769230769
MAT1657,"LIJA 3-M GRANO 80 PLIEGO 9 x 11""",9.899384615384616
MAT1412,FONDO ANTICORROSIVO,251.3846153846154
MAT2358,SOLVENTE UNIVERSAL,192.38292307692308
MAT0447,"BARRA CUADRADA D/HIERRO DE 1/2""x1/2"" L=6m; 1.13Kgf/m",22.54230769230769
MAT0445,"BARRA CIRCULAR D/HIERRO DE 1/2"" L=6m; 0.89Kgf/m",20.814
MAT1780,MARCO DE HIERRO P/PUERTAS CAL 18 e= 10 cm. C/BISAGRAS,145.50938461538462
MAT1781,MARCO DE HIERRO P/PUERTAS CAL 18 e= 15 cm. C/BISAGRAS,156.798
MAT1782,MARCO DE HIERRO P/PUERTAS CAL 18 e= 20 cm. C/BISAGRAS,162.39538461538461
MAT1783,MARCO DE HIERRO P/VENTANAS e= 10 cm.,95.17138461538462
MAT1779,MARCO DE HIERRO P/CLOSET e= 10 cm.,91.11061538461537
MAT2098,"PUERTA DE MAD. MACIZA CEDRO 2,11 x 0,91 m",1333.1766153846154
MAT2097,"PUERTA DE MAD. ENTAMBORADA 0,80 x 2,10 m",690.804923076923
MAT1736,"MADERA CHAPILLA DE CEDRO 270 x 17 x 0,7 cm",51.604000000000006
MAT0474,BISAGRA 21 cm. TIPO VAIVEN DE PISO ( IMPORTADA ),34.604461538461535
MAT1481,HERRAJE P/PUERTA CORRED.CLOSET 2 RUEDA LONG = 2.00m,55.65692307692307
MAT1741,MADERA TABLA DE CAOBA e= 40 mm,7064.488307692308
MAT1747,MADERA TABLON CEPILLADO SAMAN e= 5cm,7746.692307692308
MAT1785,MARCO DE MADERA e= 10 cm.,119.96507692307692
MAT1786,MARCO DE MADERA e= 15 cm.,179.94753846153847
MAT1787,MARCO DE MADERA e= 20 cm.,239.93
MAT2282,"RODAPIE DE MADERA CEDRO 1 x 7,5 cm",16.69707692307692
MAT2613,"TORNILLO CAB-PLANA-MADERA 2"" X 10""",5.959846153846153
MAT1658,"LIJA 3-M GRANO 150 PLIEGO 9 x 11""",10.412923076923077
MAT2308,SELLADOR NITRO P/MADERA MARCA VITRO,42.94815384615385
MAT1743,MADERA TABLA MACH.CEPILL/ALGARROBO/P/TECH D=1.30x7.00cm,142.3136923076923
MAT2639,TRANCADORES IMANTADOS P/PUERTA DE GABINETES,15.704
MAT1744,"MADERA TABLA MACH.CEPILL/PUY-PUY P/PISO D=1,80x10cm",289.83215384615386
MAT1739,MADERA GAVETERO DE SAQUI-SAQUI 4 GAVETAS DE 52 x 42 cm,1673.6196923076923
MAT1794,MASTIQUE P/VIDRIOS,24.680153846153846
MAT3177,VIDRIO PLANO e= 3 mm,65.85984615384616
MAT3178,VIDRIO PLANO e= 4 mm,112.684
MAT3180,VIDRIO PLANO e= 6 mm,138.73738461538463
MAT3175,VIDRIO PLANO BRONCE e= 5 mm,262.0498461538462
MAT3176,VIDRIO PLANO BRONCE e= 6 mm,273.03415384615386
MAT3173,VIDRIO DE PALETA PLANO e= 5 mm,204.896
MAT3174,VIDRIO ESCARCHADO e= 4 mm,135.8293846153846
MAT2594,"TIRRO CELOVEN A= 1"" L=45 m",35.38461538461539
MAT2001,PINTURA ESMALTE BRILLANTE MONTAFIX,350.71584615384614
MAT1344,ESTOPA NACIONAL PESO= 12Kgf/rollo,41.83292307692307
MAT1885,PASTA PROFESIONAL MARCA MASTIC (MASTIQUE P/PINTOR),191.3496923076923
MAT2305,SELLADOR ANTIALCALINO BASE DE ACEITE,212.75384615384615
MAT0444,BARNIZ MATE TRANSPARENTE MONTANA,178.624
MAT2000,PINTURA DE CAUCHO MONTANA,361.7656923076923
MAT0751,CERRADURA POMO A10 S CROMADO M-1 SCHLAGE,94.8396923076923
MAT0753,CERRADURA POMO ALUM. S/LLAVE,135.8566153846154
MAT0756,CERRADURA POMO A80 PD CROMADO SCHLAGE,75.59169230769231
MAT0754,CERRADURA POMO CROMADO C/LLAVE,90.70369230769231
MAT0758,CERRADURA POMO A87 PD-CROMADO SCHLAGE,94.86523076923076
MAT0757,CERRADURA POMO A80 PD SCHLAGE,77.87153846153845
MAT0755,CERRADURA POMO A53 WS-CROMADO SCHLAGE,96.77984615384615
MAT0752,CERRADURA POMO A10 S MADERA SCHLAGE,114.45738461538461
MAT0750,CERRADURA POMO A10 S ALUMINIO SCHLAGE,89.612
MAT0740,CERRADURA DE EMBUTIR CISA 25mm NIQUEL,172.69923076923078
MAT0741,CERRADURA DE EMBUTIR CISA 35mm LATON,196.08507692307694
MAT0742,CERRADURA DE EMBUTIR CISA 45mm LATON,274.2769230769231
MAT0743,CERRADURA DE EMBUTIR CISA 60mm LATON,265.22676923076926
MAT0744,CERRADURA DE GANCHO NK DOBLE CIL ENT 16mm,75.26369230769231
MAT0745,CERRADURA DE GANCHO NK DOBLE CIL ENT 30mm,71.26246153846155
MAT0746,CERRADURA DE SOBREPONER CILINDRO FIJO (VENLOCK),79.89876923076923
MAT0747,CERRADURA DE SOBREPONER CILINDRO FIJO CISA,180.71307692307693
MAT0748,CERRADURA DE SOBREPONER CILINDRO SUELTO CISA,138.85415384615385
MAT0779,"CIERRAPUERTAS RIOBI 04 C/RETEN P/PUERTA = 1,10 m",417.0166153846154
MAT0778,CIERRAPUERTAS CORTAFUEGOS (CISA) N° 4,579.4827692307692
MAT1179,"CURVA PVC ELECTRICIDAD D=1/2""",6.284923076923077
MAT0568,"BUSHING CONDUIT D=1/2"" (COMPLETO)",1.6546153846153846
MAT2795,"TUBERIA PVC ELECTRICIDAD D=1/2"" L= 3.00 m",6.744461538461538
MAT2798,"TUBERIA PVC ELECTRICIDAD D=3/4"" L= 3.00 m",10.115692307692308
MAT0571,"BUSHING CONDUIT D=3/4"" (COMPLETO)",1.932923076923077
MAT1182,"CURVA PVC ELECTRICIDAD D=3/4""",8.286153846153846
MAT0566,"BUSHING CONDUIT D=1"" (COMPLETO)",3.1393846153846154
MAT2793,"TUBERIA PVC ELECTRICIDAD D=1"" L= 3.00 m",13.005538461538462
MAT1177,"CURVA PVC ELECTRICIDAD D=1""",13.065999999999999
MAT1178,"CURVA PVC ELECTRICIDAD D=1-1/2""",36.944769230769225
MAT2794,"TUBERIA PVC ELECTRICIDAD D=1-1/2"" L= 3.00 m",19.75
MAT0567,"BUSHING CONDUIT D=1-1/2"" (COMPLETO)",6.214
MAT2796,"TUBERIA PVC ELECTRICIDAD D=2"" L= 3.00 m",25.532
MAT1180,"CURVA PVC ELECTRICIDAD D=2""",70.73246153846154
MAT0569,"BUSHING CONDUIT D=2"" (COMPLETO)",7.922923076923077
MAT1181,"CURVA PVC ELECTRICIDAD D=3""",172.15415384615386
MAT0570,"BUSHING CONDUIT D=3"" (COMPLETO)",12.040615384615384
MAT2797,"TUBERIA PVC ELECTRICIDAD D=3"" L= 3.00 m",39.01876923076923
MAT2799,"TUBERIA PVC ELECTRICIDAD D=4"" L= 1.50 m",93.44953846153847
MAT0572,"BUSHING CONDUIT D=4"" (COMPLETO)",29.031076923076924
MAT1183,"CURVA PVC ELECTRICIDAD D=4""",57.97861538461539
MAT1158,"CURVA CONDUIT D=1/2""",18.715692307692308
MAT0347,"ANILLO CONDUIT D=1/2""",0.7132307692307692
MAT2747,"TUBERIA CONDUIT D=1/2"" (SERIE LIVIANA) L=3.00m",17.223076923076924
MAT1161,"CURVA CONDUIT D=3/4""",29.921384615384618
MAT0350,"ANILLO CONDUIT D=3/4""",1.032
MAT2753,"TUBERIA CONDUIT D=3/4"" (SERIE LIVIANA) L=3.00m",21.680307692307693
MAT0345,"ANILLO CONDUIT D=1""",1.4064615384615384
MAT2743,"TUBERIA CONDUIT D=1"" (SERIE LIVIANA) L=3.00m",32.62476923076923
MAT1156,"CURVA CONDUIT D=1""",45.652153846153844
MAT2745,"TUBERIA CONDUIT D=1-1/2"" (SERIE LIVIANA) L=3.00m",46.46846153846153
MAT0346,"ANILLO CONDUIT D=1-1/2""",2.929846153846154
MAT1157,"CURVA CONDUIT D=1-1/2""",65.03123076923076
MAT1159,"CURVA CONDUIT D=2""",88.31923076923077
MAT0348,"ANILLO CONDUIT D=2""",3.296307692307692
MAT2749,"TUBERIA CONDUIT D=2"" (SERIE LIVIANA) L=3.00m",63.11076923076923
MAT0349,"ANILLO CONDUIT D=3""",9.732307692307693
MAT2751,"TUBERIA CONDUIT D=3"" (SERIE LIVIANA) L=3.00m",124.18184615384615
MAT1160,"CURVA CONDUIT D=3""",173.77184615384616
MAT1162,"CURVA CONDUIT D=4""",232.09846153846152
MAT0351,"ANILLO CONDUIT D=4""",13.681384615384616
MAT2755,"TUBERIA CONDUIT D=4"" (SERIE LIVIANA) L=3.00m",160.75015384615384
MAT0118,"ABRAZADERA TIPO ""U"", D=2""",6.953692307692307
MAT2108,"RAMPLUG HILTI HDI D=3/8"" ROSCA INTERNA",12.006615384615383
MAT2105,"RAMPLUG HILTI HDI D=1/2"" ROSCA INTERNA",16.213538461538462
MAT0119,"ABRAZADERA TIPO ""U"", D=3""",9.72276923076923
MAT0120,"ABRAZADERA TIPO ""U"", D=4""",11.437076923076923
MAT0457,"BARRA ROSCADA GALVANIZADA 3/8"" L= 2.00 m",18.872615384615386
MAT0062,"ABRAZADERA COLGANTE D=2""",13.513076923076923
MAT0063,"ABRAZADERA COLGANTE D=3""",17.968153846153847
MAT0454,"BARRA ROSCADA GALVANIZADA 1/2"" L= 2.00 m",34.556615384615384
MAT0064,"ABRAZADERA COLGANTE D=4""",24.36769230769231
MAT2748,"TUBERIA CONDUIT D=1/2"" (SERIE PESADA) RIG. L=3.00m",26.476615384615386
MAT2754,"TUBERIA CONDUIT D=3/4"" (SERIE PESADA) RIG. L=3.00m",33.39107692307692
MAT2744,"TUBERIA CONDUIT D=1"" (SERIE PESADA) RIG. L=3.00m",52.215230769230764
MAT2746,"TUBERIA CONDUIT D=1-1/2"" (SERIE PESADA) RIG. L=3.00m",77.714
MAT2750,"TUBERIA CONDUIT D=2"" (SERIE PESADA) RIG. L=3.00m",102.37876923076922
MAT2752,"TUBERIA CONDUIT D=3"" (SERIE PESADA) RIG. L=3.00m",220.68876923076922
MAT2756,"TUBERIA CONDUIT D=4"" (SERIE PESADA) RIG. L=3.00m",276.4775384615385
MAT1170,"CURVA E.M.T. D=1/2""",8.565692307692307
MAT0364,"ANILLO E.M.T. D=1/2""",3.588769230769231
MAT0996,"CONECTOR E.M.T. D=1/2""",2.934923076923077
MAT2759,"TUBERIA EMT D=1/2"" L= 3.00 m",9.491692307692308
MAT2762,"TUBERIA EMT D=3/4"" L= 3.00 m",23.465230769230768
MAT0366,"ANILLO E.M.T. D=3/4""",5.102461538461539
MAT1173,"CURVA E.M.T. D=3/4""",17.475846153846156
MAT0999,"CONECTOR E.M.T. D=3/4""",4.683999999999999
MAT2758,"TUBERIA EMT D=1-1/2"" L= 3.00 m",31.306615384615384
MAT0363,"ANILLO E.M.T. D=1-1/2""",14.765846153846153
MAT0995,"CONECTOR E.M.T. D=1-1/2""",15.43153846153846
MAT1169,"CURVA E.M.T. D=1-1/2""",48.17492307692307
MAT1171,"CURVA E.M.T. D=2""",61.22723076923077
MAT0997,"CONECTOR E.M.T. D=2""",25.346153846153847
MAT2760,"TUBERIA EMT D=2"" L= 3.00 m",76.26184615384616
MAT0365,"ANILLO E.M.T. D=2""",26.668615384615386
MAT1172,"CURVA E.M.T. D=3""",246.68015384615384
MAT0998,"CONECTOR E.M.T. D=3""",61.73153846153846
MAT2761,"TUBERIA EMT D=3"" L= 3.00 m",86.66923076923077
MAT1174,"CURVA E.M.T. D=4""",418.4353846153846
MAT2763,"TUBERIA EMT D=4"" L= 3.00 m",170.65599999999998
MAT1000,"CONECTOR E.M.T. D=4""",76.22907692307693
MAT2289,ROLLO DE TEIPE NEGRO # 33 (COBRA),25.110615384615386
MAT0637,CABLE TW # 14 AWG/MCM (THHN 90° C 600 V),9.440307692307693
MAT0635,CABLE TW # 10 AWG/MCM (THHN 90° C 600 V),19.602615384615387
MAT0641,CABLE TW # 8 AWG/MCM (THHN 90° C 600 V),26.847076923076923
MAT1973,PERRO PARA CONEXION CABLE # 08,8.84723076923077
MAT1972,PERRO PARA CONEXION CABLE # 06,11.328307692307693
MAT0639,CABLE TW # 4 AWG/MCM (THHN 90° C 600 V),83.45323076923077
MAT1971,PERRO PARA CONEXION CABLE # 04,11.280000000000001
MAT0638,CABLE TW # 2 AWG/MCM (THHN 90° C 600 V),140.2723076923077
MAT1970,PERRO PARA CONEXION CABLE # 02,15.253538461538461
MAT0612,CABLE THW # 14 AWG/MCM (THHN 90° C 600 V),9.440307692307693
MAT0611,CABLE THW # 12 AWG/MCM (THHN 90° C 600 V),17.152307692307694
MAT0610,CABLE THW # 10 AWG/MCM (THHN 90° C 600 V),19.602615384615387
MAT0621,CABLE THW # 8 AWG/MCM (THHN 90° C 600 V),26.847076923076923
MAT0620,CABLE THW # 6 AWG/MCM (THHN 90° C 600 V),53.718923076923076
MAT0618,CABLE THW # 4 AWG/MCM (THHN 90° C 600 V),83.45323076923077
MAT0613,CABLE THW # 2 AWG/MCM (THHN 90° C 600 V),140.2723076923077
MAT0609,CABLE THW # 1/0 AWG/MCM (THHN 90° C 600 V),223.72553846153846
MAT1974,PERRO PARA CONEXION CABLE # 1/0,22.718
MAT0614,CABLE THW # 2/0 AWG/MCM (THHN 90° C 600 V),266.33984615384617
MAT1975,PERRO PARA CONEXION CABLE # 2/0,31.044307692307694
MAT0616,CABLE THW # 3/0 AWG/MCM (THHN 90° C 600 V),210.94123076923077
MAT1976,PERRO PARA CONEXION CABLE # 3/0,100.61953846153847
MAT0619,CABLE THW # 4/0 AWG/MCM (THHN 90° C 600 V),397.73415384615384
MAT1977,PERRO PARA CONEXION CABLE # 4/0,54.14323076923077
MAT0615,CABLE THW # 250 AWG/MCM (THHN 90° C 600 V),525.5773846153846
MAT1978,PERRO PARA CONEXION CABLE #250 MCM,45.78753846153846
MAT1979,PERRO PARA CONEXION CABLE #350 MCM,129.62784615384615
MAT0617,CABLE THW # 350 AWG/MCM (THHN 90° C 600 V),727.9956923076924
MAT0626,CABLE TTU # 14 AWG/MCM (90° C 600 V),50.24230769230769
MAT0625,CABLE TTU # 12 AWG/MCM (90° C 600 V),55.824769230769235
MAT0624,CABLE TTU # 10 AWG/MCM (90° C 600 V),63.26815384615385
MAT0634,CABLE TTU # 8 AWG/MCM (90° C 600 V),98.62384615384616
MAT0633,CABLE TTU # 6 AWG/MCM (90° C 600 V),160.03123076923077
MAT0630,CABLE TTU # 4 AWG/MCM (90° C 600 V),240.04676923076926
MAT0627,CABLE TTU # 2 AWG/MCM (90° C 600 V),223.2993846153846
MAT0623,CABLE TTU # 1/0 AWG/MCM (90° C 600 V),186.08276923076923
MAT0628,CABLE TTU # 2/0 AWG/MCM (90° C 600 V),552.2936923076923
MAT0629,CABLE TTU # 3/0 AWG/MCM (90° C 600 V),457.7636923076923
MAT0631,CABLE TTU # 4/0 AWG/MCM (90° C 600 V),316.34076923076924
MAT0632,CABLE TTU # 500 AWG/MCM (90° C 600 V),1563.0953846153845
MAT1980,PERRO PARA CONEXION CABLE #500 MCM,196.42476923076924
MAT0599,CABLE TELEFONICO TDI 1 PAR,11.346461538461538
MAT0601,CABLE TELEFONICO TDI 2 PARES,27.660769230769233
MAT0603,CABLE TELEFONICO TDI 4 PARES,35.997692307692304
MAT0604,CABLE TELEFONICO TDI 6 PARES,53.58861538461539
MAT0600,CABLE TELEFONICO TDI 10 PARES,51.323230769230776
MAT0602,CABLE TELEFONICO TDI 20 PARES,63.952
MAT0686,"CAJETIN OCTAGONAL DE 4"" (HUECOS 3/4"" O 1/2"")",12.706153846153846
MAT0685,"CAJETIN OCTAGONAL DE 4"" (HUECOS 1/2"")",18.591846153846156
MAT0683,"CAJETIN CUADRADO DE 4""x 4"" (HUECOS 1/2"" O 3/4"")",26.055846153846154
MAT0664,CAJA DISTRIBUCION 10 x 15 x 20 cm.,84.89661538461539
MAT0665,CAJA DISTRIBUCION 10 x 25 x 25 cm.,130.6886153846154
MAT0666,CAJA DISTRIBUCION 10 x 30 x 30 cm.,199.54584615384616
MAT0667,CAJA DISTRIBUCION 15 x 15 x 15 cm.,88.48169230769231
MAT0670,"CAJA DISTRIBUCION PASO 25x20x15 cm (10""x8""x6"")",167.28815384615385
MAT0668,CAJA DISTRIBUCION 15 x 25 x 25 cm.,187.34907692307692
MAT0669,CAJA DISTRIBUCION 15 x 30 x 30 cm.,241.35523076923076
MAT0085,"ABRAZADERA EMT D=1/2""",1.0663076923076924
MAT0651,"CAJA CONDULET TIPO LB/LL/LR, D=1/2"" INC/TAPA Y EMPACAD.",31.410307692307693
MAT0087,"ABRAZADERA EMT D=3/4""",1.3349230769230769
MAT0654,"CAJA CONDULET TIPO LB/LL/LR, D=3/4"" INC/TAPA Y EMPACAD.",36.32061538461539
MAT0084,"ABRAZADERA EMT D=1""",1.758
MAT0650,"CAJA CONDULET TIPO LB/LL/LR, D=1"" INC.TAPA Y EMPACADURA",43.257384615384616
MAT0086,"ABRAZADERA EMT D=2""",6.038461538461538
MAT0652,"CAJA CONDULET TIPO LB/LL/LR, D=2"" INC.TAPA Y EMPACADURA",105.026
MAT0653,"CAJA CONDULET TIPO LB/LL/LR, D=3"" INC.TAPA Y EMPACADURA",402.3721538461538
MAT0655,"CAJA CONDULET TIPO LB/LL/LR, D=4"" INC.TAPA Y EMPACADURA",664.0601538461539
MAT0657,"CAJA CONDULET TIPO T, D=1/2"" INC. TAPA Y EMPACADURA",32.150769230769235
MAT0660,"CAJA CONDULET TIPO T, D=3/4"" INC. TAPA Y EMPACADURA",36.51553846153846
MAT0656,"CAJA CONDULET TIPO T, D=1"" INC. TAPA Y EMPACADURA",50.89569230769231
MAT0658,"CAJA CONDULET TIPO T, D=2"" INC. TAPA Y EMPACADURA",78.52584615384616
MAT0659,"CAJA CONDULET TIPO T, D=3"" INC. TAPA Y EMPACADURA",435.4970769230769
MAT0661,"CAJA CONDULET TIPO T, D=4"" INC. TAPA Y EMPACADURA",726.9976923076923
MAT1494,INTERRUPTOR 1213 DOMINO 1 VIA + 3-V,4.338923076923076
MAT2015,PLACA ALUMINIO TICINO CIEGA P/TICINO,5.703538461538462
MAT2083,PUENTE P/3TACOS METALICO P/TOMACORRIENTE,1.6207692307692307
MAT2016,PLACA PLASTICA INT.-T/C (CIEGA/1/2/3 HUECOS),2.879384615384615
MAT1495,INTERRUPTOR DOMINO 1330 TRIPLE 3 VIAS SENCILLO,8.174
MAT2604,TOMACORRIENTE 2 P/ 15 A / 125 V,4.351538461538462
MAT2606,TOMACORRIENTE UNIVERSAL,7.154
MAT2603,TOMACORRIENTE 2 FASES 220V 20 AMP (NEMA 5 20R),98.93830769230769
MAT2601,TOMACORRIENTE 2 FASES 220 V 30 AMP (NEMA 6 30R),376.80615384615385
MAT2602,TOMACORRIENTE 2 FASES 220 V 50 AMP (NEMA 6 50R),421.2275384615385
MAT2605,TOMACORRIENTE AMERICANA DOBLE C/T LINEA 10196,17.17615384615385
MAT2389,TABLERO RESIDENCIAL 4 CIRCUITOS 125 A - BIEMCA,296.4795384615384
MAT2390,TABLERO RESIDENCIAL 8 CIRCUITOS 125 A - BIEMCA,406.5936923076923
MAT2391,TABLERO RESIDENCIAL 12 CIRCUITOS 125 A - BIEMCA,519.6806153846154
MAT2392,TABLERO RESIDENCIAL 20 CIRCUITOS 100 A - BIEMCA,886.2149230769231
MAT1524,INTERRUPTOR TQL 1P 20A 120/240V 10KA (ENCHUFABLE),38.66753846153846
MAT1508,INTERRUPTOR TQC 1P 30A 120/240V 10KA (ATORNILLABLE),89.632
MAT1525,INTERRUPTOR TQL 1P 40A 120/240V 10KA (ENCHUFABLE),62.80123076923077
MAT1526,INTERRUPTOR TQL 2P 15A 120/240V 10KA (ENCHUFABLE),85.98461538461538
MAT1527,INTERRUPTOR TQL 2P 20A 120/240V 10KA (ENCHUFABLE),183.67876923076923
MAT1528,INTERRUPTOR TQL 2P 30A 120/240V 10KA (ENCHUFABLE),114.95015384615385
MAT1529,INTERRUPTOR TQL 2P 40A 120/240V 10KA (ENCHUFABLE),165.94246153846154
MAT1530,INTERRUPTOR TQL 2P 50A 120/240V 10KA (ENCHUFABLE),269.67892307692307
MAT1531,INTERRUPTOR TQL 2P 60A 120/240V 10KA (ENCHUFABLE),313.8633846153846
MAT1532,INTERRUPTOR TQL 2P 70A 120/240V 10KA (ENCHUFABLE),158.35261538461538
MAT1533,INTERRUPTOR TQL 3P 20A 120/240V 10KA (ENCHUFABLE),202.72615384615386
MAT1534,INTERRUPTOR TQL 3P 30A 120/240V 10KA (ENCHUFABLE),314.50107692307694
MAT1535,INTERRUPTOR TQL 3P 40A 120/240V 10KA (ENCHUFABLE),192.92276923076923
MAT1536,INTERRUPTOR TQL 3P 50A 120/240V 10KA (ENCHUFABLE),682.7530769230768
MAT1537,INTERRUPTOR TQL 3P 60A 120/240V 10KA (ENCHUFABLE),463.9493846153846
MAT1538,INTERRUPTOR TQL 3P 70A 120/240V 10KA (ENCHUFABLE),349.5573846153846
MAT1506,INTERRUPTOR TQC 1P 15A 120/240V 10KA (ATORNILLABLE),65.31261538461538
MAT1507,INTERRUPTOR TQC 1P 20A 120/240V 10KA (ATORNILLABLE),81.48953846153846
MAT1509,INTERRUPTOR TQC 1P 40A 120/240V 10KA (ATORNILLABLE),59.74892307692308
MAT1510,INTERRUPTOR TQC 1P 50A 120/240V 10KA (ATORNILLABLE),110.63984615384615
MAT1511,INTERRUPTOR TQC 2P 15A 120/240V 10KA (ATORNILLABLE),97.48292307692309
MAT1512,INTERRUPTOR TQC 2P 20A 120/240V 10KA (ATORNILLABLE),147.17507692307692
MAT1513,INTERRUPTOR TQC 2P 30A 120/240V 10KA (ATORNILLABLE),77.66676923076923
MAT1514,INTERRUPTOR TQC 2P 40A 120/240V 10KA (ATORNILLABLE),253.9935384615385
MAT1515,INTERRUPTOR TQC 2P 50A 120/240V 10KA (ATORNILLABLE),284.3316923076923
MAT1516,INTERRUPTOR TQC 2P 60A 120/240V 10KA (ATORNILLABLE),283.2229230769231
MAT1517,INTERRUPTOR TQC 2P 70A 120/240V 10KA (ATORNILLABLE),387.08092307692306
MAT1518,INTERRUPTOR TQC 3P 20A 120/240V 10KA (ATORNILLABLE),332.61061538461536
MAT1519,INTERRUPTOR TQC 3P 30A 120/240V 10KA (ATORNILLABLE),347.97400000000005
MAT1520,INTERRUPTOR TQC 3P 40A 120/240V 10KA (ATORNILLABLE),181.46276923076923
MAT1521,INTERRUPTOR TQC 3P 50A 120/240V 10KA (ATORNILLABLE),436.49630769230765
MAT1522,INTERRUPTOR TQC 3P 60A 120/240V 10KA (ATORNILLABLE),434.95953846153844
MAT1523,INTERRUPTOR TQC 3P 70A 120/240V 10KA (ATORNILLABLE),557.4398461538461
MAT2110,RAMPLUG PLASTICO COLOR AZUL,9.879076923076923
MAT2624,"TORNILLO TIRAFONDO 10mm X 1"" (RAMPLUG AZUL)",2.820153846153846
MAT1569,KIT DE LAMPARA FLUORESCENTE CIRCULAR 22 W. INCLUYE TUBO,245.07353846153848
MAT1570,KIT DE LAMPARA FLUORESCENTE CIRCULAR 32 W. INCLUYE TUBO,360.80492307692305
MAT1712,"LUMINARIA LF-08 CADALUX 4x17W T8,120/277V, 60x60cm",720.5907692307693
MAT1713,"LUMINARIA LF-08 CADALUX 4x32W T8,120/277V,122x61,5 cm",983.0287692307693
MAT1700,LUMINA.JARDIN C/BOMB.160W/220V/CAPRI-MED MOD.EX7,897.867076923077
MAT1707,"LUMINARIA INDUSTRIAL LF-02 SUP. 2x32 W T8, 120/277V",532.1255384615386
MAT1708,LUMINARIA INDUSTRIAL LF-02 SUP. 2x40 W T12 / 120/277V,520.9615384615385
MAT1709,"LUMINARIA INDUSTRIAL LF-02 SUP. 4x32 W T12, 120/277V",759.8026153846154
MAT1710,LUMINARIA LF-01 COMERC/INDUST 2x32 W T8/ 120/277V,493.61538461538464
MAT1643,LAMPARA EMB 2x13 CFNI 2TUBOS FLUOR. 13W/120V MOD.LE26,418.6813846153846
MAT2106,"RAMPLUG HILTI HDI D=1/4"" ROSCA INTERNA",5.376923076923077
MAT2612,"TORNILLO AUTORROSC.P/LAM C/ARANDELAS 1-1/2x1/4"" A/INOX",19.85476923076923
MAT1642,LAMPARA D/EMERGENCIA CAJA MET.2 FARO/P/EMB D=2X9F-ULTRA,438.22538461538466
MAT0468,BATERIA 6V 4A/HORA RECARGABLE MARCA ROCKET,164.18738461538462
MAT1640,LAMP. EMERG CAJA PLAST 2FARO/P/SOBREPONE 2X9 CONDEPLAS,534.4015384615384
MAT0673,"CAJA METALICA P/EMPOTRA FRENTE DE LAMPARA D=19cmX25,5cm",68.21446153846153
MAT2167,REJILLA PROTECTORA P/LA EMPOTRADA GRIS CLAR MOD: R3-S,22.947384615384614
MAT2166,REJILLA PROTECTORA P/LA EMERG SUPERFICIAL MOD: R1-S,56.94446153846154
MAT2168,REJILLA PROTECTORA P/LA SUPERFICIAL CROMADA MOD: R2-S,120.57461538461538
MAT1702,LUMINARIA (VACIA) INCANDESC. PARED VAPOLETA C/BOMB 100W,427.3481538461539
MAT1703,LUMINARIA (VACIA) INCANDESC. TECHO VAPOLETA C/BOMB 100W,431.68399999999997
MAT0903,"CODO H.G. 90° D=2""",42.31292307692308
MAT0067,"ABRAZADERA COLGANTE TIPO ""A"", D=2""",13.513076923076923
MAT2944,"TUBO H.G. ISO D=2"" L= 6.40 m",68.69476923076923
MAT2485,"TEE H.G. D=2""",59.86492307692308
MAT0375,"ANILLO H.G. D=3""",69.26784615384615
MAT0068,"ABRAZADERA COLGANTE TIPO ""A"", D=3""",17.968153846153847
MAT2486,"TEE H.G. D=3""",133.52076923076925
MAT0904,"CODO H.G. 90° D=3""",120.04323076923077
MAT0368,"ANILLO H.G. D= 1/2""",5.014923076923077
MAT0902,"CODO H.G. 90° D=1/2""",5.737846153846154
MAT2941,"TUBO H.G. ISO D= 1/2"" L= 6.40 m",17.645076923076925
MAT2483,"TEE H.G. D=1/2""",8.149076923076924
MAT2482,"TEE H.G. D=1""",20.059384615384612
MAT0899,"CODO H.G. 90° D=1""",14.104307692307692
MAT2940,"TUBO H.G. ISO D= 1"" L= 6.40 m",33.690769230769234
MAT0370,"ANILLO H.G. D=1""",11.596923076923076
MAT2481,"TEE H.G. D=1 1/4""",29.462307692307693
MAT2943,"TUBO H.G. ISO D=1-1/4"" L= 6.40 m",42.94292307692308
MAT0372,"ANILLO H.G. D=1-1/4""",14.104307692307692
MAT0901,"CODO H.G. 90° D=1-1/4""",18.805692307692308
MAT0900,"CODO H.G. 90° D=1-1/2""",26.328
MAT2942,"TUBO H.G. ISO D=1-1/2"" L= 6.40 m",53.590923076923076
MAT2480,"TEE H.G. D=1 1/2""",37.61153846153846
MAT0371,"ANILLO H.G. D=1-1/2""",20.999692307692307
MAT0907,"CODO H.G.90° D=2-1/2""",79.29753846153847
MAT0374,"ANILLO H.G. D=2-1/2""",53.5963076923077
MAT2484,"TEE H.G. D=2 1/2""",96.84953846153847
MAT2945,"TUBO H.G. ISO D=2-1/2"" L= 6.40 m",105.37769230769231
MAT0376,"ANILLO H.G. D=4""",124.74476923076922
MAT0906,"CODO H.G. 90° D=4""",153.58015384615382
MAT2488,"TEE H.G. D=4""",249.4893846153846
MAT2948,"TUBO H.G. ISO D=4"" L= 6.40 m",186.95846153846153
MAT0385,"ANILLO H.G. REDUCIDO 2 X 1 1/2""",27.581692307692308
MAT0384,"ANILLO H.G. REDUCIDO 2 1/2"" X 2""",50.14861538461538
MAT0386,"ANILLO H.G. REDUCIDO 3 X 2-1/2""",78.35723076923077
MAT0387,"ANILLO H.G. REDUCIDO 4 X 3""",144.1772307692308
MAT2954,"TUBO HG ASTM D=2"" L= 6.40 m",88.39384615384616
MAT2955,"TUBO HG ASTM D=2-1/2"" L= 6.40 m",139.89815384615383
MAT2956,"TUBO HG ASTM D=3"" L= 6.40 m",182.69892307692308
MAT2949,"TUBO HG ASTM D= 4"" L= 6.40 m",264.74753846153845
MAT0070,"ABRAZADERA COLGANTE TIPO ""A"", D=4""",24.36769230769231
MAT2953,"TUBO HG ASTM D=1/2"" L= 6.40 m",23.837384615384618
MAT2957,"TUBO HG ASTM D=3/4"" L= 6.40 m",29.465384615384615
MAT2950,"TUBO HG ASTM D=1"" L= 6.40 m",41.21769230769231
MAT2952,"TUBO HG ASTM D=1-1/4"" L= 6.40 m",55.40553846153846
MAT2951,"TUBO HG ASTM D=1-1/2"" L= 6.40 m",66.00292307692307
MAT1665,LIMPIADOR REMOVEDOR PAVCO (ENV. 760 Grms.),77.59015384615384
MAT2354,SOLDADURA LIQUIDA PVC-PAVCO A/F ENV. 1/4 Gal,51.744
MAT0851,"CODO 90° PVC PRESION A/F ASTM D=2""",16.14523076923077
MAT3005,"TUBO PVC ExE AGUA FRIA ASTM D=2"" L=6,00 m",24.10876923076923
MAT3080,"UNION PVC PRESION A/F ASTM D=2""",7.374769230769231
MAT2541,"TEE PVC PRESION A/F ASTM D=2""",21.74523076923077
MAT3081,"UNION PVC PRESION A/F ASTM D=2-1/2""",23.003076923076925
MAT0852,"CODO 90° PVC PRESION A/F ASTM D=2-1/2""",43.094153846153844
MAT2542,"TEE PVC PRESION A/F ASTM D=2-1/2""",43.07692307692308
MAT3006,"TUBO PVC ExE AGUA FRIA ASTM D=2-1/2"" L=6,00 m",28.436461538461536
MAT0853,"CODO 90° PVC PRESION A/F ASTM D=3""",56.740923076923075
MAT3007,"TUBO PVC ExE AGUA FRIA ASTM D=3"" L=6,00 m",39.96107692307692
MAT2543,"TEE PVC PRESION A/F ASTM D=3""",87.75630769230769
MAT3082,"UNION PVC PRESION A/F ASTM D=3""",26.13907692307692
MAT3009,"TUBO PVC ExE AGUA FRIA ASTM D=4"" L=6,00 m",72.57307692307693
MAT0855,"CODO 90° PVC PRESION A/F ASTM D=4""",104.7803076923077
MAT2545,"TEE PVC PRESION A/F ASTM D=4""",147.11630769230769
MAT3084,"UNION PVC PRESION A/F ASTM D=4""",53.29476923076923
MAT3079,"UNION PVC PRESION A/F ASTM D=1/2""",0.8615384615384616
MAT3003,"TUBO PVC ExE AGUA FRIA ASTM D=1/2"" L=6,00 m",4.933692307692308
MAT2540,"TEE PVC PRESION A/F ASTM D=1/2""",1.4646153846153847
MAT0850,"CODO 90° PVC PRESION A/F ASTM D=1/2""",1.188923076923077
MAT3083,"UNION PVC PRESION A/F ASTM D=3/4""",1.3095384615384615
MAT2544,"TEE PVC PRESION A/F ASTM D=3/4""",2.429538461538461
MAT3008,"TUBO PVC ExE AGUA FRIA ASTM D=3/4"" L=6,00 m",6.458615384615385
MAT0854,"CODO 90° PVC PRESION A/F ASTM D=3/4""",1.7747692307692307
MAT3020,"TUBO PVC ExE A. CALIENTE CPVC D=1"" P=100 PSI L=3.00 m",25.851846153846154
MAT3085,"UNION PVC PRESION AGUA CALIENTE CPVC D=1""",10.872615384615385
MAT0847,"CODO 90° PVC PRESION A/C CPVC D=1""",7.529846153846154
MAT2537,"TEE PVC PRESION A/C CPVC D=1""",14.387692307692308
MAT2353,SOLDADURA LIQUIDA CPVC-PAVCO A/C ENV. 1/4 Gal,49.71076923076923
MAT0825,"CODO 90° PVC ASTM D= 1 1/4"" PRESION AGUA FRIA",6.153538461538462
MAT3069,"UNION PVC ASTM D=1 1/4"" PRESION AGUA FRIA",3.2256923076923076
MAT3019,"TUBO PVC E-E D=1-1/4"" PRES.AGUA FRIA ASTM L=6.00 m",61.733230769230765
MAT2515,"TEE PVC ASTM D= 1 1/4"" PRESION AGUA FRIA",8.05476923076923
MAT3002,"TUBO PVC ExE AGUA FRIA ASTM D=1-1/2"" L=6,00 m",14.795538461538461
MAT3078,"UNION PVC PRESION A/F ASTM D=1-1/2""",5.910153846153847
MAT0849,"CODO 90° PVC PRESION A/F ASTM D=1-1/2""",7.719384615384615
MAT2539,"TEE PVC PRESION A/F ASTM D=1-1/2""",13.935384615384615
MAT0163,"ADAPTADOR HEMBRA ROSCA PVC NPT CONDUIT ASTM D=2""",11.16553846153846
MAT2152,"REDUCCION SOLDADA PVC PRESION A/F ASTM D=4""x3""",29.96123076923077
MAT2151,"REDUCCION SOLDADA PVC PRESION A/F ASTM D=3""x2-1/2""",18.651384615384615
MAT2150,"REDUCCION SOLDADA PVC PRESION A/F ASTM D=2-1/2""x2""",9.347692307692308
MAT3109,"UNION UNIVERSAL PRESION A/C CPVC D= 1/2""",25.76
MAT3021,"TUBO PVC ExE A. CALIENTE CPVC D=1/2"" P=100 PSI L=3.00 m",11.446923076923076
MAT2535,"TEE PVC PRESION A/C ASTM D=1/2""",5.031384615384615
MAT0848,"CODO 90° PVC PRESION A/C CPVC D=1/2""",3.5495384615384613
MAT3022,"TUBO PVC ExE A. CALIENTE CPVC D=3/4"" P=100 PSI L=3.00 m",17.701692307692305
MAT3110,"UNION UNIVERSAL PRESION A/C CPVC D= 3/4""",28.43076923076923
MAT3076,"UNION PVC PRESION A/C ASTM D=3/4""",3.5667692307692307
MAT2536,"TEE PVC PRESION A/C ASTM D=3/4""",7.684923076923076
MAT0846,"CODO 90° PVC PRESION A/C CPVC D= 3/4""",6.702769230769231
MAT3077,"UNION PVC PRESION A/F ASTM D=1""",2.324923076923077
MAT2538,"TEE PVC PRESION A/F ASTM D=1""",4.084153846153846
MAT3001,"TUBO PVC ExE AGUA FRIA ASTM D=1"" L=6,00 m",8.440153846153846
MAT0823,"CODO 90° PVC PRESION A/F ASTM D=1""",4.872307692307692
MAT2922,"TUBO H.F. 1 CAMPANA 2"" x 3 m.",112.15076923076923
MAT3190,YEE H.F. 2 C/CAMPANA,130.23107692307693
MAT1345,ESTOPA PARA CALAFATEO IMPORTADA PESO=24 Kgf/paquete,8.712461538461538
MAT2035,PLOMO EN LINGOTES PESO=25 Kgf/Lingote,3.2093846153846157
MAT3191,YEE H.F. 3 C/CAMPANA,243.02892307692306
MAT2924,"TUBO H.F. 1 CAMPANA 3"" L= 3.00 m",380.3926153846154
MAT2926,"TUBO H.F. 1 CAMPANA 4"" L= 3.00 m",501.9807692307692
MAT3192,YEE H.F. 4 C/CAMPANA,347.24123076923075
MAT2927,"TUBO H.F. 1 CAMPANA 6"" L= 3.00 m",732.9143076923077
MAT0071,"ABRAZADERA COLGANTE TIPO ""A"", D=6""",42.163538461538465
MAT3195,"YEE H.F. 6 x 4"" C/CAMPANA",651.11
MAT2475,"TEE H.F. CON REGISTRO D=2"" C/CAMPANA",102.96076923076923
MAT0892,"CODO H.F. 90° D=2"" C/CAMPANA",93.12061538461539
MAT2471,"TEE H.F. 2"" C/CAMPANA",153.36153846153846
MAT2476,"TEE H.F. CON REGISTRO D=3"" C/CAMPANA",250.27138461538462
MAT0893,"CODO H.F. 90° D=3"" C/CAMPANA",167.70784615384616
MAT2473,"TEE H.F. 3"" C/CAMPANA",234.55076923076922
MAT2477,"TEE H.F. CON REGISTRO D=4"" C/CAMPANA",349.55415384615384
MAT3194,"YEE H.F. 4 x 3"" C/CAMPANA",286.5381538461538
MAT0894,"CODO H.F. 90° D=4"" C/CAMPANA",279.4355384615385
MAT2474,"TEE H.F. 4"" C/CAMPANA",360.86107692307695
MAT0121,"ABRAZADERA TIPO ""U"", D=6""",29.152153846153848
MAT0895,"CODO H.F. 90° D=6"" C/CAMPANA",549.8553846153845
MAT2478,"TEE H.F. CON REGISTRO D=6"" C/CAMPANA",524.3312307692307
MAT2479,"TEE H.F. REDUCIDA D=6"" x 4"" C/CAMPANA",468.94738461538464
MAT2822,"TUBO CONC. JTA/MORTER.D=6"" C-2 INOS L=1.15 m P=33kgf/m",11.683538461538461
MAT2823,"TUBO CONC. JTA/MORTER.D=8"" C-2 INOS L=1.22 m P=48kgf/m",16.91046153846154
MAT2821,"TUBO CONC. JTA/MORTER.D=10"" C-2 INOS L=1.22m P=68 kgf/m",23.982153846153846
MAT2850,"TUBO CONC.JTA/MORTER.D=12"" C-2 INOS L=1.22 m P=104kgf/m",33.82092307692308
MAT3203,"YEE PVC P/AGUAS NEGRAS D=2""",4.088307692307692
MAT3010,"TUBO PVC AN NORMAL 2"" L= 3.00 m",5.667538461538461
MAT3204,"YEE PVC P/AGUAS NEGRAS D=3""",7.192615384615384
MAT3011,"TUBO PVC AN NORMAL 3"" L= 3.00 m",8.585076923076922
MAT2529,"TEE PVC P/AGUAS NEGRAS D=2""",3.6266153846153846
MAT0912,"CODO PVC AGUAS NEGRAS 45° D=2""",2.5412307692307694
MAT0913,"CODO PVC AGUAS NEGRAS 45° D=3""",5.203384615384616
MAT2530,"TEE PVC P/AGUAS NEGRAS D=3""",8.29676923076923
MAT3015,"TUBO PVC AN TIPO REFORZADO D=2"" L=3.00m e=3.20mm",9.679538461538462
MAT3016,"TUBO PVC AN TIPO REFORZADO D=3"" L=3.00m e=3.20mm",14.86030769230769
MAT3017,"TUBO PVC AN TIPO REFORZADO D=4"" L=3.00m e=3.20mm",22.114923076923077
MAT2531,"TEE PVC P/AGUAS NEGRAS D=3"" x 2""",7.399692307692308
MAT3205,"YEE PVC P/AGUAS NEGRAS D=4 x 3""",13.641692307692308
MAT2532,"TEE PVC P/AGUAS NEGRAS D=4""",16.966615384615384
MAT2910,"TUBO DE VENTILACION H.G.ISO. D= 1-1/2"" L= 6.40 m",53.590923076923076
MAT2911,"TUBO DE VENTILACION H.G.ISO. D= 2"" L= 6.40 m",68.69476923076923
MAT0897,"CODO H.G. 45° D=2""",37.61153846153846
MAT2912,"TUBO DE VENTILACION H.G.ISO. D= 2-1/2"" L= 6.40 m",105.37769230769231
MAT2913,"TUBO DE VENTILACION H.G.ISO. D= 3"" L= 6.40 m",130.5353846153846
MAT2122,REDUCCION DUCTO PARA BASURA 400x160mm,174.96123076923075
MAT0361,"ANILLO DE GOMA SELLOFLEX 6""",4.3556923076923075
MAT2359,SOMBRERO DE VENTILACION DUCTO PARA BASURA,94.92430769230769
MAT3013,"TUBO PVC AN NORMAL 6"" L= 3.00 m",33.10738461538462
MAT2533,"TEE PVC P/AGUAS NEGRAS D=4"" x 3""",10.077692307692306
MAT1251,DUCTO EXT P/BASURA C/BOCA D=400mmx1.42m,580.1944615384615
MAT1252,DUCTO EXTENSION P/BASURA D=400mmx1.82m,400.08123076923073
MAT0094,ABRAZADERA PARA DUCTO DE BASURA D= 400mm,119.37476923076923
MAT2740,"TUBERIA ACERO D=1/2"" SCH40 ASTM-A53 G-B S/COSTURA",259.9336923076923
MAT3059,"UNION DE H-N P/ROSCAR D= 1/2"" A-197SCHEDULE 40",108.39492307692308
MAT2466,"TEE DE H-N P/ROSCAR D= 1/2"" A-197 SCHEDULE 40",35.80215384615384
MAT1804,"MECHA TE-C+ HILTI 3/8"" X 6""",81.2103076923077
MAT0869,"CODO 90º H-N P/ROSCAR D= 1/2"" A-197 SCHEDULE 40",23.109846153846156
MAT0069,"ABRAZADERA COLGANTE TIPO ""A"", D=3/4""",5.907384615384616
MAT3062,"UNION DE H-N P/ROSCAR D= 3/4"" A-197 SCHEDULE 40",124.71446153846153
MAT2742,"TUBERIA ACERO D=3/4"" SCH 40 ASTM-A53 G-B S/COSTURA",391.3064615384615
MAT2469,"TEE DE H-N P/ROSCAR D= 3/4"" A-197 SCHEDULE 40",60.69707692307692
MAT0824,"CODO 90° DE H-N P/ROSCAR D= 3/4"" A-197 SCHEDULE 40",27.933076923076925
MAT2731,"TUBERIA ACERO D= 1"" SCH 40 ASTM-A53 G-B S/COSTURA",509.4429230769231
MAT0065,"ABRAZADERA COLGANTE TIPO ""A"", D=1""",7.138000000000001
MAT2463,"TEE DE H-N P/ROSCAR D= 1"" A-197 SCHEDULE 40",80.16815384615386
MAT0863,"CODO 90º DE H-N P/ROSCAR D= 1"" A-197 SCHEDULE 40",53.83169230769231
MAT3056,"UNION DE H-N P/ROSCAR D= 1"" A-197 SCHEDULE 40",143.8026153846154
MAT2465,"TEE DE H-N P/ROSCAR D= 1-1/4"" A-197 SCHEDULE 40",53.878
MAT2739,"TUBERIA ACERO D=1-1/4"" SCH40 ASTM-A53 G-B S/COSTURA",720.6664615384616
MAT0066,"ABRAZADERA COLGANTE TIPO ""A"", D=1-1/2""",7.654923076923077
MAT0865,"CODO 90º DE H-N P/ROSCAR D= 1-1/4"" A-197 SCHEDULE 40",81.61938461538462
MAT3058,"UNION DE H-N P/ROSCAR D= 1-1/4"" A-197 SCHEDULE 40",143.67492307692308
MAT3057,"UNION DE H-N P/ROSCAR D= 1-1/2"" A-197 SCHEDULE 40",273.94784615384617
MAT2738,"TUBERIA ACERO D=1-1/2"" SCH40 ASTM-A53 G-B S/COSTURA",999.9350769230768
MAT2464,"TEE DE H-N P/ROSCAR D= 1-1/2"" A-197 SCHEDULE 40",46.63569230769231
MAT0864,"CODO 90º DE H-N P/ROSCAR D= 1-1/2"" A-197 SCHEDULE 40",108.31123076923076
MAT3060,"UNION DE H-N P/ROSCAR D= 2"" A-197 SCHEDULE 40",287.86753846153846
MAT2732,"TUBERIA ACERO D= 2"" SCH 40 ASTM-A53 G-B S/COSTURA",1412.402
MAT2467,"TEE DE H-N P/ROSCAR D= 2"" A-197 SCHEDULE 40",138.0276923076923
MAT0866,"CODO 90º DE H-N P/ROSCAR D= 2"" A-197 SCHEDULE 40",170.22984615384615
MAT2741,"TUBERIA ACERO D=2-1/2"" SCH 40 ASTM-A53 G-B S/COSTURA",2197.7686153846153
MAT3061,"UNION DE H-N P/ROSCAR D= 2-1/2"" A-197 SCHEDULE 40",474.2070769230769
MAT2468,"TEE DE H-N P/ROSCAR D= 2-1/2"" A-197 SCHEDULE 40",332.51584615384616
MAT1802,"MECHA TE-C+ HILTI 1/2"" X 6""",114.35
MAT0867,"CODO 90º DE H-N P/ROSCAR D= 2-1/2"" A-197 SCHEDULE 40",264.7415384615385
MAT0884,"CODO DE ACERO P/SOLDAR D= 1/2"" WBP A-234 SCHEDULE 40",99.22969230769232
MAT2458,"TEE DE ACERO P/SOLDAR D= 1/2"" WBP A-234 SCHEDULE 40",149.53184615384615
MAT2462,"TEE DE ACERO P/SOLDAR D= 3/4"" WBP A-234 SCHEDULE 40",220.06630769230767
MAT0888,"CODO DE ACERO P/SOLDAR D= 3/4"" WBP A-234 SCHEDULE 40",109.1836923076923
MAT2455,"TEE DE ACERO P/SOLDAR D= 1"" WBP A-234 SCHEDULE 40",220.06630769230767
MAT0881,"CODO DE ACERO P/SOLDAR D= 1"" WBP A-234 SCHEDULE 40",115.6913846153846
MAT2457,"TEE DE ACERO P/SOLDAR D= 1-1/4"" WBP A-234 SCHEDULE 40",290.6293846153846
MAT0883,"CODO DE ACERO P/SOLDAR D= 1-1/4"" WBP A-234 SCHEDULE40",123.80384615384615
MAT2456,"TEE DE ACERO P/SOLDAR D= 1-1/2"" WBP A-234 SCHEDULE40",297.2909230769231
MAT0882,"CODO DE ACERO P/SOLDAR D= 1-1/2"" WBP A-234 SCHEDULE40",248.50584615384614
MAT2459,"TEE DE ACERO P/SOLDAR D= 2"" WBP A-234 SCHEDULE 40",349.4286153846154
MAT0885,"CODO DE ACERO P/SOLDAR D= 2"" WBP A-234 SCHEDULE 40",291.1213846153846
MAT2460,"TEE DE ACERO P/SOLDAR D= 2-1/2"" WBP A-234 SCHEDULE 40",571.266923076923
MAT0886,"CODO DE ACERO P/SOLDAR D= 2-1/2"" WBP A-234 SCHEDULE 40",345.8629230769231
MAT2461,"TEE DE ACERO P/SOLDAR D= 3"" WBP A-234 SCHEDULE 40",714.0836923076923
MAT2733,"TUBERIA ACERO D= 3"" SCH40 ASTM-A53 G-B S/COSTURA",3016.4063076923076
MAT0887,"CODO DE ACERO P/SOLDAR D= 3"" WBP A-234 SCHEDULE 40",560.1926153846154
MAT0458,"BARRA ROSCADA GALVANIZADA 5/8"" L= 2.00 m",21.896461538461537
MAT2109,"RAMPLUG HILTI HDI D=5/8"" ROSCA INTERNA",38.412615384615385
MAT1805,"MECHA TE-C+ HILTI 5/8"" X 8""",257.30492307692305
MAT0889,"CODO DE ACERO P/SOLDAR D= 6"" WBP A-234 SCHEDULE 40",2037.9024615384617
MAT2734,"TUBERIA ACERO D= 4"" SCH40 ASTM-A53 G-B S/COSTURA",4255.4055384615385
MAT2736,"TUBERIA ACERO D= 6"" SCH40 ASTM-A53 G-B S/COSTURA",8486.316307692308
MAT2107,"RAMPLUG HILTI HDI D=3/4"" ROSCA INTERNA",45.71769230769231
MAT1803,"MECHA TE-C+ HILTI 3/4"" X 12""",278.7424615384615
MAT0456,"BARRA ROSCADA GALVANIZADA 3/4"" L= 1.00 m",54.22723076923077
MAT0890,"CODO DE ACERO P/SOLDAR D= 8"" WBP A-234 SCHEDULE 40",3025.731846153846
MAT0072,"ABRAZADERA COLGANTE TIPO ""A"", D=8""",51.93523076923077
MAT2737,"TUBERIA ACERO D= 8"" SCH40 ASTM-A53 G-B S/COSTURA",11472.104
MAT2507,"TEE H.G. REDUCIDA D=3/4"" x 1/2""",12.850615384615384
MAT2412,"TAPA H.G. D=1/2""",3.761076923076923
MAT0383,"ANILLO H.G. REDUCIDO 1-1/2"" X 3/4""",18.178923076923077
MAT2411,"TAPA H.G. D=1 1/4""",10.969999999999999
MAT2501,"TEE H.G. REDUCIDA D=1-1/2""x 1-1/4""",37.61153846153846
MAT2572,"TEE REDUCIDA PVC PRESION A/F ASTM D=3/4""x1/2""",3.3772307692307693
MAT2449,"TAPON SOLDADO PVC PRESION A/F ASTM D=1/2""",0.7581538461538462
MAT2149,"REDUCCION SOLDADA PVC PRESION A/F ASTM D=1-1/2""x3/4""",3.5503076923076926
MAT2148,"REDUCCION PVC ASTM D=1-1/2""x1-1/4"" PRESION AGUA FRIA",2.7958461538461536
MAT2448,"TAPON PVC ASTM SOLDADO D= 1 1/4"" PRESION AGUA FRIA",3.4890769230769227
MAT2921,"TUBO H.F. 1 CAMPANA 2"" L= 1.00 m (MINITUBO)",243.58
MAT2472,"TEE H.F. 2"" x 2"" x 18"" C/CAMPANA",174.35
MAT0891,"CODO H.F. 45° D=2"" C/CAMPANA",84.59507692307693
MAT2316,"SIFON H.F. D=2""",127.47969230769232
MAT2923,"TUBO H.F. 1 CAMPANA 3"" L= 1,00 m (MINITUBO)",378.114
MAT2317,"SIFON H.F. D=3""",223.1156923076923
MAT3193,"YEE H.F. 4 x 2"" C/CAMPANA",251.77415384615384
MAT2925,"TUBO H.F. 1 CAMPANA 4"" L= 1.00 m (MINITUBO)",416.63215384615387
MAT0367,"ANILLO H.F. REDUCIDO 4""x 2""",107.85784615384615
MAT2319,"SIFON PVC P/AGUAS NEGRAS D=2""",9.778307692307692
MAT0388,"ANILLO PVC P/AGUAS NEGRAS REDUCIDO 4 x 2""",5.793384615384615
MAT2432,"TAPON DE REGISTRO H.F. D = 4""",118.20861538461538
MAT3107,"UNION UNIVERSAL H.G. D=3/4""",31.342923076923075
MAT3100,"UNION UNIVERSAL H.G. D=1""",40.43230769230769
MAT1681,"LLAVE DE COMPUERTA D=1""",194.6893846153846
MAT3102,"UNION UNIVERSAL H.G. D=1-1/4""",56.41723076923077
MAT1683,"LLAVE DE COMPUERTA D=1-1/4""",352.6229230769231
MAT3101,"UNION UNIVERSAL H.G. D=1-1/2""",64.87984615384615
MAT1682,"LLAVE DE COMPUERTA D=1-1/2""",425.65953846153843
MAT3104,"UNION UNIVERSAL H.G. D=2""",99.04353846153846
MAT1685,"LLAVE DE COMPUERTA D=2""",556.8464615384615
MAT3105,"UNION UNIVERSAL H.G. D=2-1/2""",162.66953846153848
MAT1686,"LLAVE DE COMPUERTA D=2-1/2""",1271.8613846153846
MAT3106,"UNION UNIVERSAL H.G. D=3""",233.44184615384614
MAT1687,"LLAVE DE COMPUERTA D=3""",1624.4843076923075
MAT1678,"LLAVE DE BOLA (ESFERICA) D=3/4""",150.38415384615382
MAT1671,"LLAVE DE BOLA (ESFERICA) D=1""",243.19692307692307
MAT1673,"LLAVE DE BOLA (ESFERICA) D=1-1/4""",397.6136923076923
MAT1672,"LLAVE DE BOLA (ESFERICA) D=1-1/2""",559.8656923076923
MAT1675,"LLAVE DE BOLA (ESFERICA) D=2""",849.3107692307692
MAT1676,"LLAVE DE BOLA (ESFERICA) D=2-1/2""",1767.5349230769232
MAT1677,"LLAVE DE BOLA (ESFERICA) D=3""",2175.5106153846154
MAT3108,"UNION UNIVERSAL H.G. D=4""",601.7833846153845
MAT1679,"LLAVE DE BOLA (ESFERICA) D=4""",3898.8367692307693
MAT3132,"VALVULA CHECK D=3/4""",125.13923076923078
MAT3124,"VALVULA CHECK D=1""",198.63369230769231
MAT3126,"VALVULA CHECK D=1-1/4""",346.11
MAT3125,"VALVULA CHECK D=1-1/2""",413.0990769230769
MAT3129,"VALVULA CHECK D=2""",630.3483076923077
MAT3130,"VALVULA CHECK D=2-1/2""",1389.5573846153845
MAT3131,"VALVULA CHECK D=3""",2120.3893846153846
MAT3123,"VALVULA CHECK 3/4"" CON FILTRO",117.93076923076923
MAT3117,"VALVULA CHECK 1"" CON FILTRO(MARACA)",201
MAT3119,"VALVULA CHECK 1-1/4"" CON FILTRO (MARACA)",349.216
MAT3118,"VALVULA CHECK 1-1/2"" CON FILTRO (MARACA)",417.2403076923077
MAT3120,"VALVULA CHECK 2"" CON FILTRO (MARACA)",635.8207692307692
MAT3121,"VALVULA CHECK 2-1/2"" CON FILTRO (MARACA)",1403.7558461538463
MAT3122,"VALVULA CHECK 3"" CON FILTRO (MARACA)",2135.4753846153844
MAT1403,"FLOTANTE DE BRONCE D=3/4""",83.18307692307691
MAT1398,"FLOTANTE DE BRONCE D=1""",128.42292307692307
MAT1399,"FLOTANTE DE BRONCE D=1-1/2""",334.1913846153846
MAT1401,"FLOTANTE DE BRONCE D=2""",577.9030769230769
MAT1402,"FLOTANTE DE BRONCE D=2-1/2""",651.4995384615385
MAT3150,"VALVULA TIPO FLOTANTE DE BRONCE D=3""",1068.9601538461538
MAT1680,"LLAVE DE BRONCE P/MANGUERA 1/2"" x 3/4""",91.77538461538461
MAT1669,"LLAVE CROMADO P/MANGUERA 1/2"" x 3/4""",105.03876923076923
MAT1812,"MEDIDOR DE FLUJO DE AGUA 3UM-20 D=3/4"" apto",158.91476923076922
MAT1811,"MEDIDOR DE AGUA 7MM25 D=1"" IMPORTADO",1384.8960000000002
MAT2430,"TAPON DE REGISTRO H.F. D = 2""",44.19092307692308
MAT2431,"TAPON DE REGISTRO H.F. D = 3""",75.57507692307692
MAT2421,TAPA PARA BAJANTE DUCTO PARA BASURA,708.6843076923077
MAT2321,SIFON UNIVERSAL DE PLASTICO,19.322923076923075
MAT1191,DESAGÜE PLASTICO SENCILLO,31.708615384615385
MAT0360,"ANILLO DE GOMA SELLOFLEX 2""",1.7181538461538464
MAT2363,SOPORTE DE UÑAS P/LAVAMANOS,16.61953846153846
MAT1692,LLAVE SENCILLA P/LAVAMANOS CR. D=1/2,201.52953846153846
MAT0701,"CANILLA MET. FLEXIBLE 1/2"" x 5/8"" Para WC.",126.95400000000001
MAT1645,LAVAMANOS BLANCO,498.46153846153845
MAT2292,"ROSETA D= 1/2"" PARA W.C. Y LAVAMANOS",7.032615384615385
MAT1670,"LLAVE DE ARRESTO CROMADA D. M=1/2"" x H=1/2",147.45046153846155
MAT1649,LAVAMANOS SHELBY BLANCO P/COLGAR,516.7209230769231
MAT1464,"GRIFERIA LAV. 4"" LINEA BRONX M/ACRILICAS",485.6384615384615
MAT1465,"GRIFERIA LAVAMANOS CROMADO 4""",401.33307692307693
MAT2315,"SIFON CROMADO D= 1-1/4""",90.25230769230768
MAT1913,PEDESTAL PARA LAVAMANOS,160.57630769230767
MAT1190,DESAGÜE CROMADO P/LAVAMANOS O URINARIO,6.005846153846154
MAT0560,"BRIDA PLANA BRONCE 4"",SELLO DE CERA Y TORNILLOS",425.4567692307692
MAT3184,W.C. CARABOBO COMPLETO COLOR PASTEL,461.1987692307692
MAT1859,"NIPLE DE H.G. 1/2"" X 2""",14.661538461538461
MAT3188,W.C. KINGSTON VENCERAMICA,1462.0876923076924
MAT3187,W.C. ELADIUS VENCERAMICA,1716.4418461538462
MAT3185,W.C. CARLTON BLANCO INC / FLUXOMETRO Y ASIENTO,4854.725384615385
MAT1857,"NIPLE DE H.G. 1 1/4"" X 3""",33.78923076923077
MAT3112,URINARIO COLOR BLANCO CON JUEGO,636.0006153846153
MAT0359,"ANILLO DE GOMA SELLOFLEX 1-1/2""",1.5306153846153845
MAT2314,"SIFON CROMADO D= 1-1/2""",81.91446153846154
MAT1691,LLAVE PUSH P/URINARIO,353.8796923076923
MAT3114,URINARIO SIDNEY VENCERAMICA,861.194923076923
MAT1391,"FLANGE 1-1/2"" PARA URINARIO",16.419999999999998
MAT0472,BIDET ALTIMA COLOR BLANCO,405.8663076923077
MAT1467,GRIFERIA P/BIDET.FP MANILLAS SATURNO 1,512.2958461538462
MAT0473,BIDET DIPLOMATICO BLANCO,820.1226153846154
MAT1466,GRIFERIA P/BIDET LINEA BRONX CROMADA,379.82184615384614
MAT2429,"TAPON DE REGISTRO BRONCE D=2""",20.10323076923077
MAT2194,"REJILLAS DE BRONCE D=2""x3"" (REJILLONES)",33.81938461538462
MAT2195,"REJILLAS DE BRONCE D=3""x4"" (REJILLONES)",41.302
MAT2193,"REJILLAS DE BRONCE D = 4"" x 6"" (REJILLONES)",76.79523076923077
MAT1250,DUCHA DE TELEFONO C/LLAVE DE ARRESTO CROMADA,346.21846153846155
MAT0692,CALENTADOR ELECTRICO RECORD DE 100 l,1913.2013846153845
MAT1354,EXTENSION C/ENCHUFE P/CALENTADOR,147.39584615384615
MAT3103,"UNION UNIVERSAL H.G. D=1/2""",24.760923076923078
MAT0693,CALENTADOR ELECTRICO RECORD DE 27 l,713.9423076923077
MAT0694,CALENTADOR ELECTRICO RECORD DE 35 l,838.7910769230768
MAT0695,CALENTADOR ELECTRICO RECORD DE 50 l,1267.8572307692307
MAT0696,CALENTADOR ELECTRICO RECORD DE 80 l,1401.2818461538463
MAT2318,"SIFON PLASTICO D=1-1/2"" P/BATEA FREGADERO",15.039076923076923
MAT0467,"BATEA GRANITO BLANCO 1,00mx0,50m",353.6553846153846
MAT1845,MORTERO CEMTO-ARENA 1:7 /INST. SANITARIAS EMBUTIDAS,400.7901538461538
MAT1469,"GRIFERIA P/FREGADERO CROMADO 8""",452.0249230769231
MAT1417,FREGADERO ACERO/INOX. 84 x 53 cm. 2 PONCHERA,1642.3006153846152
MAT1189,DESAGÜE CROMADO P/FREG. D/2 PONCHERAS,7.039538461538461
MAT1650,LAVAMOPAS DE GRANITO BLANCO PULIDO 40X50X30cm,279.0707692307692
MAT1651,LAVAMOPAS EN FIBRA DE VIDRIO - BLANCO,2912.2961538461536
MAT0469,BAÑERA MININEPTUNA BLANCO O COLOR SIN SISTEMA,6190.331538461538
MAT1462,GRIFERIA DE BAÑERA C/REGADERA FP MODELO STANDART,747.2138461538461
MAT2596,TOALLERA METALICA P/ATORNILLAR LONG. 60 cm.,131.75338461538462
MAT1541,JABONERA METALICA P/ATORNILLAR,107.74615384615385
MAT1248,DISPENSADOR BASCULANTE DE JABON LIQUIDO,174.46153846153845
MAT2045,PORTARROLLOS METALICO CROMADO ATORNILLABLE,61.16230769230769
MAT1430,GANCHO SENCILLO METALICO CROMADO ATORNILLABLE,8.083076923076923
MAT1426,GANCHO DOBLE METALICO CROMADO ATORNILLABLE,16.634923076923076
MAT3162,VASERA CEPILLERA METALICA P/ATORNILLAR,104.53492307692308
MAT2157,"REJILLA BRONCE P/PISO DRENAJE 2""A 3""",33.81938461538462
MAT2158,"REJILLA BRONCE P/PISO DRENAJE 3""A 4""",41.302
MAT2159,"REJILLA BRONCE P/PISO DRENAJE 4""A 6""",76.79523076923077
MAT2160,"REJILLA BRONCE TIPO CUPULA BRONCE 4""x 6""",62.78092307692308
MAT0244,AIRE ACONDICIONADO VENTANA 18.000 BTU / MARCA LG,4832.877538461538
MAT2615,"TORNILLO DE 1 1/2"" X 3"" LARGO CON CABEZA DE 3/4""",3.080461538461538
MAT0336,"ANGULO ESTRUCTURAL 30 mm X 3 mm L= 6 m (1,36 kgf/m)",117.51676923076923
MAT0242,AIRE ACOND.VENTANA 24.000 BTU 220V LG C/CTROL REMOTO,5237.419230769231
MAT0245,AIRE ACONDICIONADO VENTANA 24. 000 BTU / MARCA LG,4246.028
MAT0234,AIRE ACOND.COMPACT 208/1/60 1F 2T,25130.902153846153
MAT3160,VARILLAS DE PLATA AL 5% P/REFRIGERACION,40.602000000000004
MAT0235,AIRE ACOND.COMPACT 208/1/60 1F 3T,36671.471538461534
MAT0236,AIRE ACOND.COMPACT 208/1/60 1F 4T,46239.12769230769
MAT0237,AIRE ACOND.COMPACT 208/1/60 1F 5T,75846.438
MAT0240,AIRE ACOND.COMPACT 208/3/60 3F 5T,67528.15507692308
MAT0241,AIRE ACOND.COMPACT 208/3/60 3F 7.5T,113898.31076923077
MAT0238,AIRE ACOND.COMPACT 208/3/60 3F 10T,174762.092
MAT0239,AIRE ACOND.COMPACT 208/3/60 3F 15T,274642.678
MAT0975,CONDENSADORA D.VER. 208/1/60-1CIR/ 2T,19836.06369230769
MAT0978,CONDENSADORA D.VER.208/3/60-1 CIR/3T,22037.045076923077
MAT0979,CONDENSADORA D.VER.208/3/60-1 CIR/4T,24700.57830769231
MAT0980,CONDENSADORA D.VER.208/3/60-1 CIR/5T,34926.17615384616
MAT0981,CONDENSADORA D.VER.208/3/60-1 CIR/7.5T,99149.24384615384
MAT0976,CONDENSADORA D.VER.208/3/60-1 CIR/10T,104555.85338461539
MAT0977,CONDENSADORA D.VER.208/3/60-1 CIR/15T,215469.7886153846
MAT0455,"BARRA ROSCADA GALVANIZADA 1/4"" L= 2.00 m",9.306461538461537
MAT1347,EVAPORADORA T/GAB-P/VER 208/1/60 1F 2T,9597.291846153847
MAT1348,EVAPORADORA T/GAB-P/VER 208/1/60 1F 3T,6250.3310769230775
MAT1349,EVAPORADORA T/GAB-P/VER 208/1/60 1F 4T,18858.254153846156
MAT1350,EVAPORADORA T/GAB-P/VER 208/1/60 1F 5T,20601.27476923077
MAT1353,EVAPORADORA T/GAB-P/VER 208/3/60 3F 7.5T,47930.089384615385
MAT1351,EVAPORADORA T/GAB-P/VER 208/3/60 3F 10T,68874.98753846154
MAT1352,EVAPORADORA T/GAB-P/VER 208/3/60 3F 15T,99970.42907692307
MAT1370,FANCOIL 2TR EXP-DIRECT.220V/1F/1HP/MAC.TRANE KIT/COMP.,4834.237999999999
MAT1371,FANCOIL 6TR 230V/1F/AGUA HELADA/MAC:TRANE,9800.053692307692
MAT1235,"DIFUSOR 6""x6"" 1VIA/ALUM/S/CONTROL/ALETAS.RECTAS(DAR)",94.80476923076924
MAT2656,TRANSPORTE DE MATERIALES ( 1%),0.00015384615384615385
MAT1243,"DIFUSOR 8""x8"" 1VIA/ALUM/S/CONTROL/ALETAS.RECTAS(DAR)",74.93892307692307
MAT1215,"DIFUSOR 10""x10"" 1VIA/ALUM/S/CONTROL/ALET.RECTAS(DAR)",137.68769230769232
MAT1220,"DIFUSOR 12""x12"" 1VIA/ALUM/S/CONTROL/ALET.RECTAS (DAR)",156.8833846153846
MAT1238,"DIFUSOR 6""x6"" 2VIAS/ALUM/S/CONTROL/ALETAS RECTA(DAR)",99.96107692307693
MAT1221,"DIFUSOR 12""x12"" 2 VIAS/ALUM/S/CONTROL/ALE.RECTAS(DAR)",165.16276923076924
MAT1227,"DIFUSOR 14""x14"" 2 VIAS/ALUM/S/CONTROL/ALE.RECTAS(DAR)",200.54061538461536
MAT1234,"DIFUSOR 22""x22"" 2VIAS/ALUM/S/CONTROL/ALE.RECTAS(DAR)",550.1923076923077
MAT1240,"DIFUSOR 6""x6"" 3VIAS/ALUM/S/CONTROL/ALETA RECTAS(DAR)",102.72
MAT1217,"DIFUSOR 10""x10"" 3VIAS/ALUM/S/CONTROL/ALE.RECTAS(DAR)",151.53323076923076
MAT1224,"DIFUSOR 12""x12"" 3VIAS/ALUM/S/CONTROL/ALE.RECTAS(DAR)",171.53153846153845
MAT1211,"DIFUSOR 6""x6"" 4VIA/ALUM/S/CONTROL/ALETAS RECTAS(DAR)",83.21830769230769
MAT1218,"DIFUSOR 10""x8"" 1-2VIAS/ALUM/ANOD/S/CONTROL/ DAR/DAC",120.87092307692308
MAT1225,"DIFUSOR 14""x10"" 1-2VIAS/ALUM/ANOD/S/CONTROL/DAR/DAC",160.7129230769231
MAT1236,"DIFUSOR 6""x6"" 1VIA/ALUM/C/CONTROL/ALETAS RECTAS(DARC)",133.49353846153846
MAT1214,"DIFUSOR 10""x10"" 1VIA/ALUM/C/CONTROL/ALET.RECTAS(DARC)",190.00092307692307
MAT1219,"DIFUSOR 12""x12"" 1VIA/ALUM/C/CONTROL/ALET.RECTAS(DARC)",210.21030769230768
MAT1237,"DIFUSOR 6""x6"" 2VIAS/ALUM/C/CONTROL/ALETA.RECTAS(DARC)",138.0466153846154
MAT1222,"DIFUSOR 12""x12"" 2VIAS/ALUM/C/CONTROL/ALE.RECTAS(DARC)",222.90615384615384
MAT1228,"DIFUSOR 14""x14"" 2VIAS/ALUM/C/CONTROL/ALE.RECTAS(DARC)",292.4024615384615
MAT1233,"DIFUSOR 22""x22"" 2VIAS/ALUM/C/CONTROL/ALE.RECTAS(DARC)",770.2386153846154
MAT1239,"DIFUSOR 6""x6"" 3VIAS/ALUM/C/CONTROL/ALETA RECTAS(DARC)",146.76307692307694
MAT1244,"DIFUSOR 8""x8"" 3VIAS/ALUM/C/CONTROL/ALETA.RECTAS(DARC)",185.64892307692307
MAT1216,"DIFUSOR 10""x10"" 3VIAS/ALUM/C/CONTROL/ALE.RECTAS(DARC)",212.26292307692307
MAT1223,"DIFUSOR 12""x12"" 3VIAS/ALUM/C/CONTROL/ALE.RECTAS(DARC)",233.30846153846153
MAT1241,"DIFUSOR 6""x6"" 4VIAS/ALUM/C/CONTROL/ALETA RECTAS(DARC)",122.03492307692308
MAT1242,"DIFUSOR 8""x6"" 1-2VIAS/ALUM/ANODIZ/C/CONTROL/DAR/DAC",149.2596923076923
MAT1226,"DIFUSOR 14""x10"" 1-2VIAS/ALUM/ANODIZ/C/CONTROL/DAR/DAC",226.84384615384616
MAT1213,"DIFUSOR 10""x10"" 1-2VIAS/ALUM/S/CONTROL/ALE.CURVAS(DAR)",197.30861538461536
MAT1232,"DIFUSOR 18""x18"" 1-2VIAS/ALUM/S/CONTROL/ALE.CURVAS(DAR)",571.6656923076922
MAT1230,"DIFUSOR 14""x14"" 3-4VIAS/ALUM/S/CONTROL/ALE.CURVAS(DAR)",327.7281538461539
MAT1212,"DIFUSOR 10""x10"" 1-2VIAS/ALUM/C/CONTROL/ALE.CURVAS(DARC)",205.09199999999998
MAT1231,"DIFUSOR 18""x18"" 1-2VIAS/ALUM/C/CONTROL/ALE.CURVAS(DARC)",609.8012307692308
MAT1229,"DIFUSOR 14""x14"" 3-4VIAS/ALUM/C/CONTROL/ALE.CURVAS(DARC)",280.6921538461539
MAT2192,"REJILLA SUMINIS/SIM/DEFLEX 8""x8""/2VIAS/ALUM/ANOD/S/CONT",109.90215384615385
MAT2188,"REJILLA SUMINIS/SIM/DEFLEX 12""x6""/2VIAS/ALUM/ANOD/S/CON",110.55892307692308
MAT2190,"REJILLA SUMINIS/SIM/DEFLEX 18""x10""/2VIAS/ALUM/ANOD/S/CO",168.5016923076923
MAT2183,"REJILLA SUMINIS/DOBL/DEFL 14""x6""/4VIAS/ALUM/ANOD/S/CONT",142.75923076923078
MAT2185,"REJILLA SUMINIS/DOBL/DEFL14""x10""/4VIAS/ALUM/ANOD/S/CONT",146.0790769230769
MAT2169,"REJILLA RETOR/EXTRACC 6""x4"" ALET FIJA/ALUM/ANOD/S/CONT",60.193384615384616
MAT2182,"REJILLA RETOR/EXTRACC 8""x6"" ALET FIJA/ALUM/ANOD/S/CONT",83.16692307692308
MAT2179,"REJILLA RETOR/EXTRACC 12""x6"" ALET FIJA/ALUM/ANOD/S/CONT",105.3603076923077
MAT2181,"REJILLA RETOR/EXTRACC 14""x4"" ALET FIJA/ALUM/ANOD/S/CONT",136.17738461538463
MAT2171,"REJILLA RETOR/EXTRACC 14""x12""ALET FIJA/ALUM/ANOD/S/CONT",139.13923076923075
MAT2173,"REJILLA RETOR/EXTRACC 16""x10""ALET FIJA/ALUM/ANOD/S/CONT",143.1146153846154
MAT2175,"REJILLA RETOR/EXTRACC 16""x14""ALET FIJA/ALUM/ANOD/S/CONT",167.8533846153846
MAT2028,"PLETINA DE ACERO 3/4"" x 1/8"" L= 6 m (0,475 Kgf/m)",11.108615384615383
MAT1253,DUCTO FAB.EN ACERO GALV. INCL/AISLANT+JUNT. CAL18 A 26,168.04676923076926
MAT2629,"TORNILLO TIRAFONDO 8mm X 1"" (RAMPLUG VERDE)",1.5681538461538462
MAT2287,ROLLO DE FIBRA DE VIDRIO CON FORRO DE ALUMINIO 37 m,34.41984615384615
MAT2595,"TIRRO PARA DUCTO 2"" X 60 Yd.",122.74476923076922
MAT1915,PEGA AMARILLA PEGASOL,499.14092307692306
MAT0727,CENTRAL DE DETECCION 2ZONAS/SIN/COMUN/VERBAL SOVICAC088,3755.238923076923
MAT0728,CENTRAL DE DETECCION 4ZONAS/SIN/COMUN/VERBAL SOVICAC089,4180.56
MAT0729,CENTRAL DE DETECCION DE INCENDIO Z-8 SOVICA,1435.9166153846154
MAT1836,MODULOS DE 8 ZONAS P/CENTRALES MOD.MZ-8,99.81938461538462
MAT0730,CENTRAL DETECCION 16 CH 50W SOVICA,3055.236153846154
MAT0731,CENTRAL DETECCION 32 CH 100W SOVICA,5257.616461538461
MAT0732,CENTRAL DETECCION 48 CH 100W SOVICA,6069.055384615384
MAT1206,DETECTOR TERMICO FIJO MOD. 502,271.7132307692308
MAT1204,DETECTOR TERMICO MOD. 601 SOVICA,252.88184615384614
MAT1201,DETECTOR HUMO FOTOELECTRICO MOD. BK-2400,670.5663076923076
MAT1202,DETECTOR IONICO MOD. BK-1400,372.4998461538462
MAT1342,ESTACION MANUAL CON SW GRANDE EM-1,411.17400000000004
MAT1341,ESTACION MANUAL C.PLUG GRANDE EM-3,339.1009230769231
MAT1343,ESTACION MANUAL PLASTICA C.PLUG. PEQUEÑA,191.55661538461538
MAT0304,ALTAVOZ DE 10W METALICO 8 OHMS ROJO D10-NR,265.1066153846154
MAT0305,ALTAVOZ DE 10W PLASTICO 8 OHMS ROJO D10-PR,172.10199999999998
MAT0306,ALTAVOZ DE 30W CONICO D30,251.0353846153846
MAT1424,GABINETE P/EXTINTOR+VIDRIO/PUER D=65x35x20cm C-5S,781.7906153846154
MAT1423,GABINETE P/EXTINTOR+VIDRIO/PUER D=58.5x33.5x16cm C-3S,581.1072307692308
MAT1425,GABINETE P/MANG.S/VID.SOBREP.C/PUERTA D=72x62x16cm C-45,786.9787692307692
MAT1208,DEVANADORA COLGADOR DE MANGUERA,270.4929230769231
MAT2013,"PITON NEBLINA 1 1/2"" BRONCE MODELO: PB 1 1/2",201.36261538461537
MAT1766,"MANGUERA C/INCENDIO 1.1/2"" x 15 m DOBLE MOD.44-AP6-D",495.40784615384615
MAT1855,"NIPLE DE BRONCE 1 1/2"" P/MANGUERA MODELO: NI 1-1/2",65.10415384615385
MAT1767,"MANGUERA C/INCENDIO 1.1/2"" x 30 m MOD.SINTEX-L30M",2277.2349230769228
MAT2014,"PITON NEBLINA 2 1/2"" BRONCE MODELO: PB 2 1/2",232.60276923076924
MAT1856,"NIPLE DE BRONCE 2 1/2"" P/MANGUERA MODELO: NI 2-1/2",165.88415384615382
MAT1768,"MANGUERA C/INCENDIO 2.1/2"" x 30 m MOD.SINTEX-L30M",3579.122307692308
MAT3144,"VALVULA HEMBRA-HEMBRA P/GABINETE INCENDIO D=1-1/2""",206.52215384615386
MAT3145,"VALVULA HEMBRA-HEMBRA P/GABINETE INCENDIO D=2-1/2""",394.73846153846154
MAT3146,"VALVULA HEMBRA-MACHO P/GABINETE INCENDIO D=1-1/2""",217.68015384615384
MAT3147,"VALVULA HEMBRA-MACHO P/GABINETE INCENDIO D=2-1/2""",445.2006153846154
MAT1916,PEGA TANGIT 240ml BAJA PRESION,8.905846153846154
MAT1867,PABILO ROLLO,6.102769230769231
MAT2275,"ROCIADOR TEMP. 135° F (57°C) ORIF.1/2"" BRONCE MOD: R040",98.7716923076923
MAT2277,"ROCIADOR TEMP. 155° F (68°C) ORIF.1/2"" BRONCE MOD:R034",92.0483076923077
MAT2279,"ROCIADOR TEMP. 175° F (79°C) ORIF.1/2"" BRONCE MOD:R035",93.42692307692307
MAT2276,"ROCIADOR TEMP. 135° F (57°C) ORIF.1/2"" CROMADO MOD:R042",123.54507692307693
MAT2278,"ROCIADOR TEMP. 155° F (68°C) ORIF.1/2"" CROMADO MOD:R043",113.02230769230769
MAT2280,"ROCIADOR TEMP. 175° F (79°C) ORIF.1/2"" CROMADO MOD:R041",121.75800000000001
MAT2313,"SIAMESA TIPO Y (BRONCE) 2 1/2"" x 2 1/2"" x 4"" NACIONAL",465.33984615384617
MAT1429,GANCHO PARA COLOCAR EN LA PARED EXTINTOR 7-10 lb. G030,9.710461538461537
MAT1361,EXTINTOR POLV QUIM/SECO TIPOABC 7Lbs FANEMEX/MOD:SA-70,1103.5093846153845
MAT1362,EXTINTOR POLVO QUIMICO SECO TIPO ABC 10Lb MODELO SA-100,1343.6421538461539
MAT1363,EXTINTOR POLVO QUIMICO SECO TIPO ABC 15Lb MODELO SA-150,1686.5104615384614
MAT1428,GANCHO PARA COLOCAR EN LA PARED EXTINTOR 16-20 lb. G031,15.593384615384617
MAT1364,EXTINTOR POLVO QUIMICO SECO TIPO ABC 20Lb MODELO SA-200,1953.3343076923077
MAT1360,EXTINTOR DE CO2 TIPO BC 5 LBS MODELO BADGER,955.2601538461539
MAT1357,EXTINTOR DE CO2 TIPO BC 10 LBS MODELO BADGER,1818.0393846153845
MAT1358,EXTINTOR DE CO2 TIPO BC 15 LBS MODELO BADGER,2125.458153846154
MAT1359,EXTINTOR DE CO2 TIPO BC 20 LBS MODELO BADGER,3298.192461538462
MAT1355,EXTINTOR DE AGUA 2 1/2 GALONES TIPO A FABEWER,718.6636923076923
MAT1356,EXTINTOR DE AGUA 2 1/2 GALONES TIPO A. BADGER WP-61,685.7706153846153
MAT1207,DETERGENTE EN POLVO (saco DE 20 Kgf),89.11261538461538
MAT1666,LIMPIAVIDRIOS,15.680307692307693
MAT0798,CLORO LAVANSAN,16.87553846153846
MAT1486,HIPOCLORITO DE SODIO-CUÑETE= 5Gal (24 Kgf),36.65261538461539
MAT0524,BOLSA PLAST POLIET TAM/ B14/GRUESA40Kgf/PQT.1000Und,1.7176923076923079
MAT1490,INSEPTICIDA DELTRACK,78.91923076923077
MAT2356,SOLFAC,173.5376923076923
MAT1209,DIAZIN Y/O HIPRACOL,24.171692307692307
MAT1488,"ICON 2,5 WP (Sobre 62,5 gr) Sol Aprox 2%",162.38446153846152
MAT1188,DEMON 40 PM (Bolsa de 500 grs),115.74446153846155
MAT1491,INSEPTICIDA INDUSTRIAL DUCLORVAN 1000,66.69538461538461
MAT1576,KLERAT PARAFINADO 40 PM,35.79784615384616
MAT2115,RATICIDA ULTRARAT-ENVASE DE 1 Kgf,22.752769230769232
MAT2284,RODILON-RATICIDA BAYER (DIFETHIALONE)-ENVASE DE 1 Kgf,20.106923076923078
MAT2370,STORM,15.205076923076923
MAT1369,FAGINA ( FLEJES ) L = 2.00 m PARA TALUDES,7.852615384615385
MAT1450,"GRAMA TIPO SAN AGUSTIN 0,70 m2/saco",52.296
MAT2592,TIERRA NEGRA ABONADA,161.8493846153846
MAT0523,BOLSA PARA ESCOMBROS,2.761846153846154
MAT2008,PINTURA TRAF AMARILLA MARCA FLAMUCO S/PART. REFLECTIVAS,735.3453846153845
MAT2011,PINTURA TRAF BLANCA MARCA FLAMUKO S/PART. REFLECTIVAS,755.1746153846153
MAT2577,TEIPE NEGRO SCOTCH 23,77.6923076923077
MAT2154,REFLECTORES HALOGENO 500 W,319.32723076923077
MAT2153,REFLECTORES HALOGENO 1500 W,359.0713846153846
MAT1664,LIMPIADOR LIQUIDO LAVANSAN (1 gal/3.8 l),11.677538461538461
MAT1991,PINTURA ALTOTRAFICO (COLOR BLANCO/AMARIL) cuñete=5 gal.,329.1276923076923
MAT1992,PINTURA ALTOTRAFICO (COLOR NEGRO) cuñete= 5 gal.,314.338
MAT2266,REMOVEDOR DE PINTURA,176.9826153846154
MAT2591,TIE RAP DE 15 cm (100 Und/paquete),49.37538461538462
MAT2323,SIKA TOP ELASTICO GALON,255.7423076923077
MAT0948,"CONCRETO HIDROFO. PREMEZ. f´c=250Kgf/cm2 IMPERMEX As=5""",441.0843076923077
MAT0334,"ANGULO ESTRUCTURAL 25 mm X 3 mm L= 6 m (1,12 Kgf/m)",145.13507692307692
MAT1627,"LAMINA ESTRIADA DE ACERO 1.00x2.40m e=3mm 61,38 Kgf/m2",5.497230769230769
MAT2029,"PLETINA DE ACERO 3/4"" x 3/16"" L= 6 m (0,412 Kgf/m)",19.841846153846156
MAT0417,ASFALTO PENETRAC.60/70 (A-20) PTA.CARDON D=1.300Kgf/m3,445.0330769230769
MAT0415,ASFALTO DILUIDO RC-250,2.923076923076923
MAT1826,MEZCLA ASFALTICA EN CALIENTE TIPO III/IV (CONT PUBLICO),304.61538461538464
MAT1825,MEZCLA ASFALTICA EN CALIENTE TIPO III/IV (CONT PRIVADO),304.61538461538464
MAT1851,"MORTERO PEGA CEMTO-ARENA 1:2 /TUB.CONCRET,TAP.TANQUILLA",502.75169230769234
MAT1789,MARCO Y TAPA H.F ASTM-A-595 B.V. 60cm TIPO PESADO INOS,599.4269230769231
MAT1790,MARCO Y TAPA H.F ASTM-A-595 B.V. 60cm TIPO LIVIANO INOS,544.8483076923077
MAT0783,"CILINDRO TIPOA P/BOCAVISITA D=120cm L/UT=30,5cm BV-C-69",91.22184615384616
MAT0782,CILINDRO TIPOA P/BOCAVISITA D=120cm L/UT=61cm BV-C-69,182.44384615384615
MAT1049,"CONO EXCENT.P/BOCAVISITA D=24x48"" TIPOA C-69 L/UT=1,00m",260.626
MAT0095,"ABRAZADERA PARA PLETINA DIAMETRO= 2""",1.1715384615384616
MAT2622,TORNILLO PARA ABRAZADERA,0.4804615384615385
MAT0545,"BRAZO ALUM. DOBLE PASANTE P/CERCA CICLON D=2""",47.03738461538461
MAT2070,"POSTE METALICO PARA CERCAS D= 2"" h=6,50 m",480.328
MAT1759,"MALLA PLASTIFICADA CAL.10 60/25 h=1,80 m ROLLO DE 25 m",71.0753846153846
MAT1761,"MALLA PLASTIFICADA CAL.11 60/25 h=1,80 m ROLLO DE 25 m",53.50707692307692
MAT1760,MALLA PLASTIFICADA CAL.10 60/25 h=3 m ROLLO DE 25 m,125.56353846153846
MAT1762,MALLA PLASTIFICADA CAL.11 60/25 h=3 m ROLLO DE 25 m,95.02276923076923
MAT0940,CONCERTINA-CUCHILLAS LARGAS GALV. d=0.45 m L= 6 m.,188.55446153846154
MAT0122,ABRAZADERAS CON TORNILLO TIRAFONDO,3.823846153846154
MAT0938,CONCERTINA ACERO GALV. TIPO ARPON D=45 cm L= 6 m,69.1836923076923
MAT0939,CONCERTINA ACERO GALV. TIPO ARPON D=90 cm L= 10 m,127.88646153846155
MAT1552,"JUEGO DE PERNOS DE FIJACION D=1"" 4 UNIDADES",321.13876923076924
MAT2064,POSTE METALICO HEXAGONAL DE 8 m INC/CRUCETA C/ESCALERA,1408.9341538461538
MAT1701,LUMINARIA (VACIA) DE HALOGENO DE 1500W,774.5504615384615
MAT2012,PINTURA TRANSICAPA NEGRA cuñete=5 gal,550.4873846153846
MAT1878,"PARALES DE H.G.2"" C/ANCLAJE DE 3 Plg",342.75246153846155
MAT1556,JUEGO DE VOLLEYBALL CON MALLA,1893.688
MAT1550,JUEGO DE FUTBOLITO CON MALLA CICLON,6673.421692307692
MAT1842,"MORTERO CEMTO-ARENA 1:3 /PAV.CONCRET,ACCES.BAÑOS,PUERTA",460.50046153846154
MAT2387,TABLERO DE BASKETBALL TORRE FIJA Y ACCESORIOS,7424.329692307692
MAT2371,SUBE Y BAJA MEDIANO 2 UNIDADES (4 ASIENTOS),1687.9558461538463
MAT2597,TOBOGAN RECTO L= 3.00 m TG-7,6332.759384615384
MAT0934,COLUMPIO DE 3 ASIENTO 1 CUERPO,4163.831538461538
MAT2294,RUEDA GIRATORIA DIAM. 1.90 m,3510.208153846154
MAT0434,BANCO C/ESPALDAR EST.METALICA ASIENTO MADERA L=2 m,2960.636
MAT0435,BANCO DE CONCRETO SIN ESPALDAR D=2.00x0.50x0.45m,1087.3815384615384
MAT0402,ARBOL DE APAMATE TAMAÑO PEQUEÑO,14.202923076923078
MAT2227,REM-9032 MANTENIMIENTO DE ARBORIZACION,3.5375384615384613
MAT0704,CAOBA ANTILLAS,13.634307692307692
MAT1870,PALMA ARECA TAMAÑO MEDIANA,27.558923076923076
MAT0717,CAYENA DE CERCA,7.672307692307692
MAT1852,NARANJILLO,10.98076923076923
MAT2290,ROSA DE VERBERIA NORMAL,7.558153846153846
MAT1089,CROTO HIBRIDO,13.455538461538461
MAT1542,JAZMIN FALCON,8.029230769230768
MAT2226,REM-9031 MANTENIMIENTO DE GRAMA POR 6 MESES,2.2064615384615385
MAT1448,"GRAMA PELO INDIO 0,70 m2/saco",49.69815384615385
MAT1654,"LENGUA DE VACA 0,70 m2/saco",8.292307692307693
MAT1449,"GRAMA TIPO JAPONESA 0,70 m2/saco",48.78046153846154
MAT1951,"PERFIL IPN 140 L = 12 m (14,30 Kgf/m)",15.414
MAT2578,TEIPE PLOMO DE DUCTERO,54.22630769230769
MAT1443,"GEOMEMBRANA IMPERMEAB200 A= 6,00m L=VAR. m e=0.20mm",21.374923076923075
MAT2590,TERMINAL NO AISLADO AWG 8 M6 LMTJ-8/6 DE CONDUCTORES,1.3561538461538463
MAT0608,CABLE TFFN # 18 AWG 105° C 600 V,2.234923076923077
MAT1662,LIMPIADOR DE CONTACTOS ELECTRICOS DE SPRAY QUIMICA (SQ),85.68676923076923
MAT0605,CABLE TF # 16 AWG,19.149076923076922
MAT1862,NITROGENO BOMBONA CAPACIDAD= 6 m3,38.37615384615384
MAT2155,REFRIGERANTE R-11 CILINDRO DE 25 Kgf,132.91338461538462
MAT2439,"TAPON H.G. D=1/2""",2.526
MAT2440,"TAPON H.G. D=3/4""",4.701384615384615
MAT0933,COLORANTE ROJO,58.99846153846154
MAT1628,"LAMINA FIBRA D/VIDRIO-TRANSLUCIDA, A=0,90m/Aútil= 0,79m",137.13153846153844
MAT0484,BLOQUE DE VIDRIO 24 x 24 x 8 cm. TRANSLUCIDO,121.01538461538462
MAT2322,"SIKA TOP 80 (PAILA 19 Kgf-1,03 Kgf/l-18,45 l)",745.4923076923077
MAT0403,ARENA AMARILLA,193.00646153846154
MAT2309,SELLADOR POLISULFURICO PARA JUNTAS (SELLOCRET),764.1283076923077
MAT1616,"LAMINA DE ANIME DIMENSIONES: L= 2m, A= 1m, e= 2cm",18.89446153846154
MAT1617,"LAMINA DE ANIME DIMENSIONES: L= 2m, A= 1m, e= 3cm",23.104153846153846
MAT2007,PINTURA TEXTURIZADA COLOR CLARO PARA EXTERIORES,1035.3846153846155
MAT2918,TUBO FLUORESCENTE SLIMLINE 40W P/LUMINARIA INDUST.,41.683076923076925
MAT0532,BOMBILLO FLUORESCENTE CIRCULAR 22 W,92.29415384615385
MAT0533,BOMBILLO FLUORESCENTE CIRCULAR 32 W,108.39384615384616
MAT0427,BALASTO DE 2 x 40 A FLUORESCENTES (120V),77.67846153846155
MAT0422,ASIENTO ORQUIDEA P/W.C. COLOR NEGRO,82.1463076923077
MAT0424,ASIENTO SANI-SIT P/W.C. MOD.CARABOBO,71.03830769230768
MAT1408,"FLUXOMETRO GEM 110 1"" PARA WC",3668.5
MAT1409,"FLUXOMETRO GEM 186 1"" PARA URINARIO",3706.5346153846153
MAT1482,HERRAJE PARA W.C. SP BRONCE,247.80215384615383
MAT2447,"TAPON PVC P/AGUAS NEGRAS D= 4"" ROSCADO",4.5426153846153845
MAT1400,"FLOTANTE DE BRONCE D=1/2""",65.67076923076924
MAT1575,KIT PARA FLUXOMETRO PARA W.C,583.6115384615384
MAT1574,KIT PARA FLUXOMETRO PARA URINARIO,429.85692307692307
